<?xml version="1.0" encoding="UTF-8"?>
<project version="4">
  <component name="deploymentTargetDropDown">
    <targetSelectedWithDropDown>
      <Target>
        <type value="QUICK_BOOT_TARGET" />
        <deviceKey>
          <Key>
            <type value="VIRTUAL_DEVICE_PATH" />
            <value value="C:\Users\Jhon Christoper\.android\avd\Pixel_2_API_28.avd" />
          </Key>
        </deviceKey>
      </Target>
    </targetSelectedWithDropDown>
    <timeTargetWasSelectedWithDropDown value="2022-02-03T01:42:51.092495100Z" />
  </component>
</project>