<?xml version="1.0" encoding="UTF-8"?>
<project version="4">
  <component name="DesignSurface">
    <option name="filePathToZoomLevelMap">
      <map>
        <entry key="..\:/Users/Jhon Christoper/Downloads/firesafeapp/android/app/src/main/res/layout/activity_authentication.xml" value="0.11639492753623189" />
        <entry key="..\:/Users/Jhon Christoper/Downloads/firesafeapp/android/app/src/main/res/layout/activity_details.xml" value="0.1" />
        <entry key="..\:/Users/Jhon Christoper/Downloads/firesafeapp/android/app/src/main/res/layout/activity_driver_choose_type.xml" value="0.20416666666666666" />
        <entry key="..\:/Users/Jhon Christoper/Downloads/firesafeapp/android/app/src/main/res/layout/activity_map_customer.xml" value="0.20416666666666666" />
        <entry key="..\:/Users/Jhon Christoper/Downloads/firesafeapp/android/app/src/main/res/layout/activity_splash_screen.xml" value="0.20416666666666666" />
        <entry key="..\:/Users/Jhon Christoper/Downloads/firesafeapp/android/app/src/main/res/layout/fragment_login.xml" value="0.20416666666666666" />
        <entry key="..\:/Users/Jhon Christoper/Downloads/firesafeapp/android/app/src/main/res/layout/fragment_menu.xml" value="0.20416666666666666" />
        <entry key="..\:/Users/Jhon Christoper/Downloads/firesafeapp/android/app/src/main/res/menu/customer_main.xml" value="0.20416666666666666" />
      </map>
    </option>
  </component>
  <component name="ProjectRootManager" version="2" languageLevel="JDK_1_8" default="true" project-jdk-name="1.8" project-jdk-type="JavaSDK">
    <output url="file://$PROJECT_DIR$/build/classes" />
  </component>
  <component name="ProjectType">
    <option name="id" value="Android" />
  </component>
</project>