<component name="libraryTable">
  <library name="Gradle: com.stripe:stripe-3ds2-android:4.1.2@aar">
    <CLASSES>
      <root url="jar://$USER_HOME$/Desktop/gradle-7.2/caches/transforms-2/files-2.1/47bb64e5931f273931163513e82572a3/jetified-stripe-3ds2-android-4.1.2/jars/classes.jar!/" />
      <root url="file://$USER_HOME$/Desktop/gradle-7.2/caches/transforms-2/files-2.1/47bb64e5931f273931163513e82572a3/jetified-stripe-3ds2-android-4.1.2/res" />
      <root url="file://$USER_HOME$/Desktop/gradle-7.2/caches/transforms-2/files-2.1/47bb64e5931f273931163513e82572a3/jetified-stripe-3ds2-android-4.1.2/AndroidManifest.xml" />
    </CLASSES>
    <JAVADOC />
    <SOURCES />
  </library>
</component>