<component name="libraryTable">
  <library name="Gradle: com.github.tintinscorpion:Dual-color-Polyline-Animation:1.0@aar">
    <CLASSES>
      <root url="jar://$USER_HOME$/Desktop/gradle-7.2/caches/transforms-2/files-2.1/c6f2fd2323d64f96f97efa51dd2eaefc/jetified-Dual-color-Polyline-Animation-1.0/jars/classes.jar!/" />
      <root url="file://$USER_HOME$/Desktop/gradle-7.2/caches/transforms-2/files-2.1/c6f2fd2323d64f96f97efa51dd2eaefc/jetified-Dual-color-Polyline-Animation-1.0/res" />
      <root url="file://$USER_HOME$/Desktop/gradle-7.2/caches/transforms-2/files-2.1/c6f2fd2323d64f96f97efa51dd2eaefc/jetified-Dual-color-Polyline-Animation-1.0/AndroidManifest.xml" />
    </CLASSES>
    <JAVADOC />
    <SOURCES>
      <root url="jar://$USER_HOME$/Desktop/gradle-7.2/caches/modules-2/files-2.1/com.github.tintinscorpion/Dual-color-Polyline-Animation/1.0/7d259b2b0101744cf76e34296595be12693cc918/Dual-color-Polyline-Animation-1.0-sources.jar!/" />
    </SOURCES>
  </library>
</component>