<component name="libraryTable">
  <library name="Gradle: com.github.bumptech.glide:glide:4.11.0@aar">
    <CLASSES>
      <root url="jar://$USER_HOME$/Desktop/gradle-7.2/caches/transforms-2/files-2.1/561694db1db2398b224dbaa130849d8f/jetified-glide-4.11.0/jars/classes.jar!/" />
      <root url="file://$USER_HOME$/Desktop/gradle-7.2/caches/transforms-2/files-2.1/561694db1db2398b224dbaa130849d8f/jetified-glide-4.11.0/res" />
      <root url="file://$USER_HOME$/Desktop/gradle-7.2/caches/transforms-2/files-2.1/561694db1db2398b224dbaa130849d8f/jetified-glide-4.11.0/AndroidManifest.xml" />
    </CLASSES>
    <JAVADOC>
      <root url="jar://$USER_HOME$/Desktop/gradle-7.2/caches/modules-2/files-2.1/com.github.bumptech.glide/glide/4.11.0/c7431a0f446d7be1d3e99914f1bfb8db403ae76a/glide-4.11.0-javadoc.jar!/" />
    </JAVADOC>
    <SOURCES>
      <root url="jar://$USER_HOME$/Desktop/gradle-7.2/caches/modules-2/files-2.1/com.github.bumptech.glide/glide/4.11.0/95d42bd1c43b39d58ad2c21355c2edcba1851cc1/glide-4.11.0-sources.jar!/" />
    </SOURCES>
  </library>
</component>