<component name="libraryTable">
  <library name="Gradle: io.reactivex.rxjava2:rxjava:2.2.10">
    <CLASSES>
      <root url="jar://$USER_HOME$/Desktop/gradle-7.2/caches/modules-2/files-2.1/io.reactivex.rxjava2/rxjava/2.2.10/18e9edc67e0abaa03713eeb9ca2cb0e30c859de4/rxjava-2.2.10.jar!/" />
    </CLASSES>
    <JAVADOC>
      <root url="jar://$USER_HOME$/Desktop/gradle-7.2/caches/modules-2/files-2.1/io.reactivex.rxjava2/rxjava/2.2.10/1977f65a7399717a28df785ca1dcfdd46b203a3e/rxjava-2.2.10-javadoc.jar!/" />
    </JAVADOC>
    <SOURCES>
      <root url="jar://$USER_HOME$/Desktop/gradle-7.2/caches/modules-2/files-2.1/io.reactivex.rxjava2/rxjava/2.2.10/9d22e03b9f0a300edff23ccf219d406d12c3378f/rxjava-2.2.10-sources.jar!/" />
    </SOURCES>
  </library>
</component>