<component name="libraryTable">
  <library name="Gradle: com.google.android.material:material:1.3.0@aar">
    <ANNOTATIONS>
      <root url="jar://$USER_HOME$/Desktop/gradle-7.2/caches/transforms-2/files-2.1/58190a46fce053f754018b64908756d3/material-1.3.0/annotations.zip!/" />
    </ANNOTATIONS>
    <CLASSES>
      <root url="jar://$USER_HOME$/Desktop/gradle-7.2/caches/transforms-2/files-2.1/58190a46fce053f754018b64908756d3/material-1.3.0/jars/classes.jar!/" />
      <root url="file://$USER_HOME$/Desktop/gradle-7.2/caches/transforms-2/files-2.1/58190a46fce053f754018b64908756d3/material-1.3.0/res" />
      <root url="file://$USER_HOME$/Desktop/gradle-7.2/caches/transforms-2/files-2.1/58190a46fce053f754018b64908756d3/material-1.3.0/AndroidManifest.xml" />
    </CLASSES>
    <JAVADOC />
    <SOURCES>
      <root url="jar://$USER_HOME$/Desktop/gradle-7.2/caches/modules-2/files-2.1/com.google.android.material/material/1.3.0/b42a5159ef2c670d26ce08246ec5aaf8f92e5a42/material-1.3.0-sources.jar!/" />
    </SOURCES>
  </library>
</component>