<component name="libraryTable">
  <library name="Gradle: com.google.android.gms:play-services-maps:17.0.1@aar">
    <CLASSES>
      <root url="jar://$USER_HOME$/Desktop/gradle-7.2/caches/transforms-2/files-2.1/24bbaba7ba2078f857d0879544505c76/jetified-play-services-maps-17.0.1/jars/classes.jar!/" />
      <root url="file://$USER_HOME$/Desktop/gradle-7.2/caches/transforms-2/files-2.1/24bbaba7ba2078f857d0879544505c76/jetified-play-services-maps-17.0.1/res" />
      <root url="file://$USER_HOME$/Desktop/gradle-7.2/caches/transforms-2/files-2.1/24bbaba7ba2078f857d0879544505c76/jetified-play-services-maps-17.0.1/AndroidManifest.xml" />
    </CLASSES>
    <JAVADOC>
      <root url="jar://$USER_HOME$/Desktop/gradle-7.2/caches/modules-2/files-2.1/com.google.android.gms/play-services-maps/17.0.1/15354d5fa6dd7661cf467ef236a13b43f5e3fb21/play-services-maps-17.0.1-javadoc.jar!/" />
    </JAVADOC>
    <SOURCES />
  </library>
</component>