<component name="libraryTable">
  <library name="Gradle: com.google.maps.android:android-maps-utils:0.5@aar">
    <CLASSES>
      <root url="jar://$USER_HOME$/Desktop/gradle-7.2/caches/transforms-2/files-2.1/483e41b470e46ab923bcf7615296eca2/jetified-android-maps-utils-0.5/jars/classes.jar!/" />
      <root url="file://$USER_HOME$/Desktop/gradle-7.2/caches/transforms-2/files-2.1/483e41b470e46ab923bcf7615296eca2/jetified-android-maps-utils-0.5/res" />
      <root url="file://$USER_HOME$/Desktop/gradle-7.2/caches/transforms-2/files-2.1/483e41b470e46ab923bcf7615296eca2/jetified-android-maps-utils-0.5/AndroidManifest.xml" />
    </CLASSES>
    <JAVADOC />
    <SOURCES />
  </library>
</component>