<component name="libraryTable">
  <library name="Gradle: com.google.firebase:firebase-database:20.0.0@aar">
    <CLASSES>
      <root url="jar://$USER_HOME$/Desktop/gradle-7.2/caches/transforms-2/files-2.1/c63e7b2a444f1acab4bf4e1d2cbd5656/jetified-firebase-database-20.0.0/jars/classes.jar!/" />
      <root url="file://$USER_HOME$/Desktop/gradle-7.2/caches/transforms-2/files-2.1/c63e7b2a444f1acab4bf4e1d2cbd5656/jetified-firebase-database-20.0.0/res" />
      <root url="file://$USER_HOME$/Desktop/gradle-7.2/caches/transforms-2/files-2.1/c63e7b2a444f1acab4bf4e1d2cbd5656/jetified-firebase-database-20.0.0/AndroidManifest.xml" />
    </CLASSES>
    <JAVADOC>
      <root url="jar://$USER_HOME$/Desktop/gradle-7.2/caches/modules-2/files-2.1/com.google.firebase/firebase-database/20.0.0/45dea02d529b472d8ab1cfded258eda6f288359a/firebase-database-20.0.0-javadoc.jar!/" />
    </JAVADOC>
    <SOURCES>
      <root url="jar://$USER_HOME$/Desktop/gradle-7.2/caches/modules-2/files-2.1/com.google.firebase/firebase-database/20.0.0/567a4df31954fdbf498f9a15698473f5d5f632ce/firebase-database-20.0.0-sources.jar!/" />
    </SOURCES>
  </library>
</component>