<component name="libraryTable">
  <library name="Gradle: com.google.firebase:firebase-messaging:17.3.3@aar">
    <CLASSES>
      <root url="jar://$USER_HOME$/Desktop/gradle-7.2/caches/transforms-2/files-2.1/1e86f82b9e78a060d719a71d8fadb960/jetified-firebase-messaging-17.3.3/jars/classes.jar!/" />
      <root url="file://$USER_HOME$/Desktop/gradle-7.2/caches/transforms-2/files-2.1/1e86f82b9e78a060d719a71d8fadb960/jetified-firebase-messaging-17.3.3/res" />
      <root url="file://$USER_HOME$/Desktop/gradle-7.2/caches/transforms-2/files-2.1/1e86f82b9e78a060d719a71d8fadb960/jetified-firebase-messaging-17.3.3/AndroidManifest.xml" />
    </CLASSES>
    <JAVADOC>
      <root url="jar://$USER_HOME$/Desktop/gradle-7.2/caches/modules-2/files-2.1/com.google.firebase/firebase-messaging/17.3.3/5a0ecbcab24f4136e8ae8a99f2fd80a3a05a4a68/firebase-messaging-17.3.3-javadoc.jar!/" />
    </JAVADOC>
    <SOURCES />
  </library>
</component>