<component name="libraryTable">
  <library name="Gradle: com.mikhaellopez:circularprogressbar:3.0.3@aar">
    <CLASSES>
      <root url="jar://$USER_HOME$/Desktop/gradle-7.2/caches/transforms-2/files-2.1/a4bfc56ebed7ecb7597fc8a90e80505e/jetified-circularprogressbar-3.0.3/jars/classes.jar!/" />
      <root url="file://$USER_HOME$/Desktop/gradle-7.2/caches/transforms-2/files-2.1/a4bfc56ebed7ecb7597fc8a90e80505e/jetified-circularprogressbar-3.0.3/res" />
      <root url="file://$USER_HOME$/Desktop/gradle-7.2/caches/transforms-2/files-2.1/a4bfc56ebed7ecb7597fc8a90e80505e/jetified-circularprogressbar-3.0.3/AndroidManifest.xml" />
    </CLASSES>
    <JAVADOC />
    <SOURCES>
      <root url="jar://$USER_HOME$/Desktop/gradle-7.2/caches/modules-2/files-2.1/com.mikhaellopez/circularprogressbar/3.0.3/84fcf61f9bfdd8a8a5eaab276779b328f92c6813/circularprogressbar-3.0.3-sources.jar!/" />
    </SOURCES>
  </library>
</component>