<component name="libraryTable">
  <library name="Gradle: pl.droidsonroids.gif:android-gif-drawable:1.2.17@aar">
    <CLASSES>
      <root url="jar://$USER_HOME$/Desktop/gradle-7.2/caches/transforms-2/files-2.1/96c6b14dcb4ddc2e24f5a42f06eb06b1/jetified-android-gif-drawable-1.2.17/jars/classes.jar!/" />
      <root url="file://$USER_HOME$/Desktop/gradle-7.2/caches/transforms-2/files-2.1/96c6b14dcb4ddc2e24f5a42f06eb06b1/jetified-android-gif-drawable-1.2.17/res" />
      <root url="file://$USER_HOME$/Desktop/gradle-7.2/caches/transforms-2/files-2.1/96c6b14dcb4ddc2e24f5a42f06eb06b1/jetified-android-gif-drawable-1.2.17/AndroidManifest.xml" />
    </CLASSES>
    <JAVADOC>
      <root url="jar://$USER_HOME$/Desktop/gradle-7.2/caches/modules-2/files-2.1/pl.droidsonroids.gif/android-gif-drawable/1.2.17/ca807faa45bba85197ebd142e862f4c1fb14fcba/android-gif-drawable-1.2.17-javadoc.jar!/" />
    </JAVADOC>
    <SOURCES>
      <root url="jar://$USER_HOME$/Desktop/gradle-7.2/caches/modules-2/files-2.1/pl.droidsonroids.gif/android-gif-drawable/1.2.17/eb4d1d43b34b6b0e5961abf818d6f90fc107147c/android-gif-drawable-1.2.17-sources.jar!/" />
    </SOURCES>
  </library>
</component>