<component name="libraryTable">
  <library name="Gradle: com.github.rtchagas:pingplacepicker:1.1.2@aar">
    <CLASSES>
      <root url="jar://$USER_HOME$/Desktop/gradle-7.2/caches/transforms-2/files-2.1/1521856823c7396e479520079928083b/jetified-pingplacepicker-1.1.2/jars/classes.jar!/" />
      <root url="file://$USER_HOME$/Desktop/gradle-7.2/caches/transforms-2/files-2.1/1521856823c7396e479520079928083b/jetified-pingplacepicker-1.1.2/res" />
      <root url="file://$USER_HOME$/Desktop/gradle-7.2/caches/transforms-2/files-2.1/1521856823c7396e479520079928083b/jetified-pingplacepicker-1.1.2/AndroidManifest.xml" />
    </CLASSES>
    <JAVADOC />
    <SOURCES>
      <root url="jar://$USER_HOME$/Desktop/gradle-7.2/caches/modules-2/files-2.1/com.github.rtchagas/pingplacepicker/1.1.2/c5b2a9a09faf6be60e5917b8185aa16612e3807e/pingplacepicker-1.1.2-sources.jar!/" />
    </SOURCES>
  </library>
</component>