<component name="libraryTable">
  <library name="Gradle: androidx.lifecycle:lifecycle-livedata-core:2.3.1@aar">
    <CLASSES>
      <root url="jar://$USER_HOME$/Desktop/gradle-7.2/caches/transforms-2/files-2.1/4ee5758b4e37d2c56620606a4565f9f4/lifecycle-livedata-core-2.3.1/jars/classes.jar!/" />
      <root url="file://$USER_HOME$/Desktop/gradle-7.2/caches/transforms-2/files-2.1/4ee5758b4e37d2c56620606a4565f9f4/lifecycle-livedata-core-2.3.1/res" />
      <root url="file://$USER_HOME$/Desktop/gradle-7.2/caches/transforms-2/files-2.1/4ee5758b4e37d2c56620606a4565f9f4/lifecycle-livedata-core-2.3.1/AndroidManifest.xml" />
    </CLASSES>
    <JAVADOC />
    <SOURCES>
      <root url="jar://$USER_HOME$/Desktop/gradle-7.2/caches/modules-2/files-2.1/androidx.lifecycle/lifecycle-livedata-core/2.3.1/38ecd5651d87b6db994df01f93fc72d6e59b846a/lifecycle-livedata-core-2.3.1-sources.jar!/" />
    </SOURCES>
  </library>
</component>