<component name="libraryTable">
  <library name="Gradle: com.nimbusds:nimbus-jose-jwt:9.1.2">
    <CLASSES>
      <root url="jar://$USER_HOME$/Desktop/gradle-7.2/caches/modules-2/files-2.1/com.nimbusds/nimbus-jose-jwt/9.1.2/1b236fa33524b2384cd47537af1a3dc18c7f0586/nimbus-jose-jwt-9.1.2.jar!/" />
    </CLASSES>
    <JAVADOC>
      <root url="jar://$USER_HOME$/Desktop/gradle-7.2/caches/modules-2/files-2.1/com.nimbusds/nimbus-jose-jwt/9.1.2/4276c515c7de0af1b038fe631aace3fe97170ae1/nimbus-jose-jwt-9.1.2-javadoc.jar!/" />
    </JAVADOC>
    <SOURCES>
      <root url="jar://$USER_HOME$/Desktop/gradle-7.2/caches/modules-2/files-2.1/com.nimbusds/nimbus-jose-jwt/9.1.2/4ae60456614484cee9a311f8d847752d3604a96e/nimbus-jose-jwt-9.1.2-sources.jar!/" />
    </SOURCES>
  </library>
</component>