<component name="libraryTable">
  <library name="Gradle: androidx.asynclayoutinflater:asynclayoutinflater:1.0.0@aar">
    <CLASSES>
      <root url="jar://$USER_HOME$/Desktop/gradle-7.2/caches/transforms-2/files-2.1/5bbb610f6d9f880732fd64743132b708/asynclayoutinflater-1.0.0/jars/classes.jar!/" />
      <root url="file://$USER_HOME$/Desktop/gradle-7.2/caches/transforms-2/files-2.1/5bbb610f6d9f880732fd64743132b708/asynclayoutinflater-1.0.0/res" />
      <root url="file://$USER_HOME$/Desktop/gradle-7.2/caches/transforms-2/files-2.1/5bbb610f6d9f880732fd64743132b708/asynclayoutinflater-1.0.0/AndroidManifest.xml" />
    </CLASSES>
    <JAVADOC />
    <SOURCES>
      <root url="jar://$USER_HOME$/Desktop/gradle-7.2/caches/modules-2/files-2.1/androidx.asynclayoutinflater/asynclayoutinflater/1.0.0/ac4d50701fce5c88dcc514f58e695cd32f05134c/asynclayoutinflater-1.0.0-sources.jar!/" />
    </SOURCES>
  </library>
</component>