<component name="libraryTable">
  <library name="Gradle: androidx.lifecycle:lifecycle-process:2.2.0-alpha02@aar">
    <CLASSES>
      <root url="jar://$USER_HOME$/Desktop/gradle-7.2/caches/transforms-2/files-2.1/2eac6a0f4ecf87a797d111eba4ec5370/jetified-lifecycle-process-2.2.0-alpha02/jars/classes.jar!/" />
      <root url="file://$USER_HOME$/Desktop/gradle-7.2/caches/transforms-2/files-2.1/2eac6a0f4ecf87a797d111eba4ec5370/jetified-lifecycle-process-2.2.0-alpha02/res" />
      <root url="file://$USER_HOME$/Desktop/gradle-7.2/caches/transforms-2/files-2.1/2eac6a0f4ecf87a797d111eba4ec5370/jetified-lifecycle-process-2.2.0-alpha02/AndroidManifest.xml" />
    </CLASSES>
    <JAVADOC />
    <SOURCES>
      <root url="jar://$USER_HOME$/Desktop/gradle-7.2/caches/modules-2/files-2.1/androidx.lifecycle/lifecycle-process/2.2.0-alpha02/a3ddd1911f2911de0d6d090f83e0f3441d398f6e/lifecycle-process-2.2.0-alpha02-sources.jar!/" />
    </SOURCES>
  </library>
</component>