<component name="libraryTable">
  <library name="Gradle: com.google.firebase:firebase-auth-interop:20.0.0@aar">
    <CLASSES>
      <root url="jar://$USER_HOME$/Desktop/gradle-7.2/caches/transforms-2/files-2.1/2187b797baaba6636ac59057c41de17b/jetified-firebase-auth-interop-20.0.0/jars/classes.jar!/" />
      <root url="file://$USER_HOME$/Desktop/gradle-7.2/caches/transforms-2/files-2.1/2187b797baaba6636ac59057c41de17b/jetified-firebase-auth-interop-20.0.0/res" />
      <root url="file://$USER_HOME$/Desktop/gradle-7.2/caches/transforms-2/files-2.1/2187b797baaba6636ac59057c41de17b/jetified-firebase-auth-interop-20.0.0/AndroidManifest.xml" />
    </CLASSES>
    <JAVADOC>
      <root url="jar://$USER_HOME$/Desktop/gradle-7.2/caches/modules-2/files-2.1/com.google.firebase/firebase-auth-interop/20.0.0/8014b3cbc53e9c14226052dd919055a99d0d46d8/firebase-auth-interop-20.0.0-javadoc.jar!/" />
    </JAVADOC>
    <SOURCES />
  </library>
</component>