<component name="libraryTable">
  <library name="Gradle: io.reactivex:rxjava:1.3.8">
    <CLASSES>
      <root url="jar://$USER_HOME$/Desktop/gradle-7.2/caches/modules-2/files-2.1/io.reactivex/rxjava/1.3.8/8c192792ad2e65a90867ab418ac49703f44d2baf/rxjava-1.3.8.jar!/" />
    </CLASSES>
    <JAVADOC>
      <root url="jar://$USER_HOME$/Desktop/gradle-7.2/caches/modules-2/files-2.1/io.reactivex/rxjava/1.3.8/6e6e192759f53f67cee956f24c5c1b8eb1ce8041/rxjava-1.3.8-javadoc.jar!/" />
    </JAVADOC>
    <SOURCES>
      <root url="jar://$USER_HOME$/Desktop/gradle-7.2/caches/modules-2/files-2.1/io.reactivex/rxjava/1.3.8/4b6a9c1ba2bdf4b6f79d21a96107b8934c377f0a/rxjava-1.3.8-sources.jar!/" />
    </SOURCES>
  </library>
</component>