<component name="libraryTable">
  <library name="Gradle: androidx.arch.core:core-runtime:2.1.0@aar">
    <CLASSES>
      <root url="jar://$USER_HOME$/Desktop/gradle-7.2/caches/transforms-2/files-2.1/cd277714a02853913a037222c49ce171/core-runtime-2.1.0/jars/classes.jar!/" />
      <root url="file://$USER_HOME$/Desktop/gradle-7.2/caches/transforms-2/files-2.1/cd277714a02853913a037222c49ce171/core-runtime-2.1.0/res" />
      <root url="file://$USER_HOME$/Desktop/gradle-7.2/caches/transforms-2/files-2.1/cd277714a02853913a037222c49ce171/core-runtime-2.1.0/AndroidManifest.xml" />
    </CLASSES>
    <JAVADOC />
    <SOURCES>
      <root url="jar://$USER_HOME$/Desktop/gradle-7.2/caches/modules-2/files-2.1/androidx.arch.core/core-runtime/2.1.0/f19886651c9946b39f83d8c184fd0e2ce9f43c16/core-runtime-2.1.0-sources.jar!/" />
    </SOURCES>
  </library>
</component>