<component name="libraryTable">
  <library name="Gradle: androidx.print:print:1.0.0@aar">
    <ANNOTATIONS>
      <root url="jar://$USER_HOME$/Desktop/gradle-7.2/caches/transforms-2/files-2.1/d97a1ea95de4a8d08f8c7360211baa69/print-1.0.0/annotations.zip!/" />
    </ANNOTATIONS>
    <CLASSES>
      <root url="jar://$USER_HOME$/Desktop/gradle-7.2/caches/transforms-2/files-2.1/d97a1ea95de4a8d08f8c7360211baa69/print-1.0.0/jars/classes.jar!/" />
      <root url="file://$USER_HOME$/Desktop/gradle-7.2/caches/transforms-2/files-2.1/d97a1ea95de4a8d08f8c7360211baa69/print-1.0.0/res" />
      <root url="file://$USER_HOME$/Desktop/gradle-7.2/caches/transforms-2/files-2.1/d97a1ea95de4a8d08f8c7360211baa69/print-1.0.0/AndroidManifest.xml" />
    </CLASSES>
    <JAVADOC />
    <SOURCES>
      <root url="jar://$USER_HOME$/Desktop/gradle-7.2/caches/modules-2/files-2.1/androidx.print/print/1.0.0/71fc2d9acf7cce6b96230c5af263268b1664914a/print-1.0.0-sources.jar!/" />
    </SOURCES>
  </library>
</component>