<component name="libraryTable">
  <library name="Gradle: com.google.firebase:firebase-measurement-connector:17.0.1@aar">
    <CLASSES>
      <root url="jar://$USER_HOME$/Desktop/gradle-7.2/caches/transforms-2/files-2.1/2c8049fa4d4591cb892415dec7f3b50e/jetified-firebase-measurement-connector-17.0.1/jars/classes.jar!/" />
      <root url="file://$USER_HOME$/Desktop/gradle-7.2/caches/transforms-2/files-2.1/2c8049fa4d4591cb892415dec7f3b50e/jetified-firebase-measurement-connector-17.0.1/res" />
      <root url="file://$USER_HOME$/Desktop/gradle-7.2/caches/transforms-2/files-2.1/2c8049fa4d4591cb892415dec7f3b50e/jetified-firebase-measurement-connector-17.0.1/AndroidManifest.xml" />
    </CLASSES>
    <JAVADOC />
    <SOURCES />
  </library>
</component>