<component name="libraryTable">
  <library name="Gradle: com.google.android.gms:play-services-basement:17.5.0@aar">
    <CLASSES>
      <root url="jar://$USER_HOME$/Desktop/gradle-7.2/caches/transforms-2/files-2.1/b1d6c79f51acb1381f86f161adb79b3e/jetified-play-services-basement-17.5.0/jars/classes.jar!/" />
      <root url="file://$USER_HOME$/Desktop/gradle-7.2/caches/transforms-2/files-2.1/b1d6c79f51acb1381f86f161adb79b3e/jetified-play-services-basement-17.5.0/res" />
      <root url="file://$USER_HOME$/Desktop/gradle-7.2/caches/transforms-2/files-2.1/b1d6c79f51acb1381f86f161adb79b3e/jetified-play-services-basement-17.5.0/AndroidManifest.xml" />
    </CLASSES>
    <JAVADOC>
      <root url="jar://$USER_HOME$/Desktop/gradle-7.2/caches/modules-2/files-2.1/com.google.android.gms/play-services-basement/17.5.0/8fa4a9dacfe25c68b730caae440da08d1cc9fa4d/play-services-basement-17.5.0-javadoc.jar!/" />
    </JAVADOC>
    <SOURCES />
  </library>
</component>