<component name="libraryTable">
  <library name="Gradle: org.jetbrains.kotlin:kotlin-android-extensions-runtime:1.4.20">
    <CLASSES>
      <root url="jar://$USER_HOME$/Desktop/gradle-7.2/caches/modules-2/files-2.1/org.jetbrains.kotlin/kotlin-android-extensions-runtime/1.4.20/8f6239ddd98bf9937a81d8a932a185dab930e82a/kotlin-android-extensions-runtime-1.4.20.jar!/" />
    </CLASSES>
    <JAVADOC>
      <root url="jar://$USER_HOME$/Desktop/gradle-7.2/caches/modules-2/files-2.1/org.jetbrains.kotlin/kotlin-android-extensions-runtime/1.4.20/5b8f86fea035328fc9e8c660773037a3401ce25f/kotlin-android-extensions-runtime-1.4.20-javadoc.jar!/" />
    </JAVADOC>
    <SOURCES>
      <root url="jar://$USER_HOME$/Desktop/gradle-7.2/caches/modules-2/files-2.1/org.jetbrains.kotlin/kotlin-android-extensions-runtime/1.4.20/6060dd1b23ab4d19b7b76d0c6a9ca562ad5514ae/kotlin-android-extensions-runtime-1.4.20-sources.jar!/" />
    </SOURCES>
  </library>
</component>