<component name="libraryTable">
  <library name="Gradle: com.akexorcist:googledirectionlibrary:1.1.1@aar">
    <CLASSES>
      <root url="jar://$USER_HOME$/Desktop/gradle-7.2/caches/transforms-2/files-2.1/e01ebaabb38d35b097c95646789cdd17/jetified-googledirectionlibrary-1.1.1/jars/classes.jar!/" />
      <root url="file://$USER_HOME$/Desktop/gradle-7.2/caches/transforms-2/files-2.1/e01ebaabb38d35b097c95646789cdd17/jetified-googledirectionlibrary-1.1.1/res" />
      <root url="file://$USER_HOME$/Desktop/gradle-7.2/caches/transforms-2/files-2.1/e01ebaabb38d35b097c95646789cdd17/jetified-googledirectionlibrary-1.1.1/AndroidManifest.xml" />
    </CLASSES>
    <JAVADOC>
      <root url="jar://$USER_HOME$/Desktop/gradle-7.2/caches/modules-2/files-2.1/com.akexorcist/googledirectionlibrary/1.1.1/25267bfb177112c17ca41736fa8454edcc49586d/googledirectionlibrary-1.1.1-javadoc.jar!/" />
    </JAVADOC>
    <SOURCES>
      <root url="jar://$USER_HOME$/Desktop/gradle-7.2/caches/modules-2/files-2.1/com.akexorcist/googledirectionlibrary/1.1.1/2e04e36c311c6092c8899997372f4e0b943e829e/googledirectionlibrary-1.1.1-sources.jar!/" />
    </SOURCES>
  </library>
</component>