<component name="libraryTable">
  <library name="Gradle: com.parse.bolts:bolts-android:1.4.0">
    <CLASSES>
      <root url="jar://$USER_HOME$/Desktop/gradle-7.2/caches/modules-2/files-2.1/com.parse.bolts/bolts-android/1.4.0/cc174c559b5177982887bf6e1b76003aebad9516/bolts-android-1.4.0.jar!/" />
    </CLASSES>
    <JAVADOC>
      <root url="jar://$USER_HOME$/Desktop/gradle-7.2/caches/modules-2/files-2.1/com.parse.bolts/bolts-android/1.4.0/a1942c5e480d86987076fbaae8d2403b0c70927d/bolts-android-1.4.0-javadoc.jar!/" />
    </JAVADOC>
    <SOURCES>
      <root url="jar://$USER_HOME$/Desktop/gradle-7.2/caches/modules-2/files-2.1/com.parse.bolts/bolts-android/1.4.0/a1942c5e480d86987076fbaae8d2403b0c70927d/bolts-android-1.4.0-sources.jar!/" />
    </SOURCES>
  </library>
</component>