<component name="libraryTable">
  <library name="Gradle: androidx.browser:browser:1.0.0@aar">
    <ANNOTATIONS>
      <root url="jar://$USER_HOME$/Desktop/gradle-7.2/caches/transforms-2/files-2.1/0afd4e31ca15346baf85ee23a89dd49c/browser-1.0.0/annotations.zip!/" />
    </ANNOTATIONS>
    <CLASSES>
      <root url="jar://$USER_HOME$/Desktop/gradle-7.2/caches/transforms-2/files-2.1/0afd4e31ca15346baf85ee23a89dd49c/browser-1.0.0/jars/classes.jar!/" />
      <root url="file://$USER_HOME$/Desktop/gradle-7.2/caches/transforms-2/files-2.1/0afd4e31ca15346baf85ee23a89dd49c/browser-1.0.0/res" />
      <root url="file://$USER_HOME$/Desktop/gradle-7.2/caches/transforms-2/files-2.1/0afd4e31ca15346baf85ee23a89dd49c/browser-1.0.0/AndroidManifest.xml" />
    </CLASSES>
    <JAVADOC />
    <SOURCES>
      <root url="jar://$USER_HOME$/Desktop/gradle-7.2/caches/modules-2/files-2.1/androidx.browser/browser/1.0.0/804dc4c93b5f45da8f72c10a5080dbb21715d813/browser-1.0.0-sources.jar!/" />
    </SOURCES>
  </library>
</component>