<component name="libraryTable">
  <library name="Gradle: com.squareup.retrofit2:converter-scalars:2.9.0">
    <CLASSES>
      <root url="jar://$USER_HOME$/Desktop/gradle-7.2/caches/modules-2/files-2.1/com.squareup.retrofit2/converter-scalars/2.9.0/e9ee6f35fb7ba877a35519f9a8f55c648df820d4/converter-scalars-2.9.0.jar!/" />
    </CLASSES>
    <JAVADOC>
      <root url="jar://$USER_HOME$/Desktop/gradle-7.2/caches/modules-2/files-2.1/com.squareup.retrofit2/converter-scalars/2.9.0/27bde53ab0ac67523ba150fc6ac671d46aef4c8a/converter-scalars-2.9.0-javadoc.jar!/" />
    </JAVADOC>
    <SOURCES>
      <root url="jar://$USER_HOME$/Desktop/gradle-7.2/caches/modules-2/files-2.1/com.squareup.retrofit2/converter-scalars/2.9.0/e85efc627a70eb797632f8d427e598d8a95ebaf/converter-scalars-2.9.0-sources.jar!/" />
    </SOURCES>
  </library>
</component>