<component name="libraryTable">
  <library name="Gradle: org.jetbrains.kotlinx:kotlinx-coroutines-android:1.4.1">
    <CLASSES>
      <root url="jar://$USER_HOME$/Desktop/gradle-7.2/caches/modules-2/files-2.1/org.jetbrains.kotlinx/kotlinx-coroutines-android/1.4.1/2349e3c971098c0c5379403b64a844d0c3cc2f3d/kotlinx-coroutines-android-1.4.1.jar!/" />
    </CLASSES>
    <JAVADOC>
      <root url="jar://$USER_HOME$/Desktop/gradle-7.2/caches/modules-2/files-2.1/org.jetbrains.kotlinx/kotlinx-coroutines-android/1.4.1/2d2e396a1946b3fa47a5aec400deea9ecea25282/kotlinx-coroutines-android-1.4.1-javadoc.jar!/" />
    </JAVADOC>
    <SOURCES>
      <root url="jar://$USER_HOME$/Desktop/gradle-7.2/caches/modules-2/files-2.1/org.jetbrains.kotlinx/kotlinx-coroutines-android/1.4.1/4e7595e64706ad99a06d3339c89ebb053bf0874b/kotlinx-coroutines-android-1.4.1-sources.jar!/" />
    </SOURCES>
  </library>
</component>