<component name="libraryTable">
  <library name="Gradle: com.google.firebase:firebase-encoders-json:16.1.0@aar">
    <CLASSES>
      <root url="jar://$USER_HOME$/Desktop/gradle-7.2/caches/transforms-2/files-2.1/1f5f545446fd7fce67beaefb90909f15/jetified-firebase-encoders-json-16.1.0/jars/classes.jar!/" />
      <root url="file://$USER_HOME$/Desktop/gradle-7.2/caches/transforms-2/files-2.1/1f5f545446fd7fce67beaefb90909f15/jetified-firebase-encoders-json-16.1.0/res" />
      <root url="file://$USER_HOME$/Desktop/gradle-7.2/caches/transforms-2/files-2.1/1f5f545446fd7fce67beaefb90909f15/jetified-firebase-encoders-json-16.1.0/AndroidManifest.xml" />
    </CLASSES>
    <JAVADOC>
      <root url="jar://$USER_HOME$/Desktop/gradle-7.2/caches/modules-2/files-2.1/com.google.firebase/firebase-encoders-json/16.1.0/6cbb5bf5ec756a55604fe68deba386bda9edcb9c/firebase-encoders-json-16.1.0-javadoc.jar!/" />
    </JAVADOC>
    <SOURCES>
      <root url="jar://$USER_HOME$/Desktop/gradle-7.2/caches/modules-2/files-2.1/com.google.firebase/firebase-encoders-json/16.1.0/13e469b445e762c1bc00f695e93b4a6ced10883f/firebase-encoders-json-16.1.0-sources.jar!/" />
    </SOURCES>
  </library>
</component>