<component name="libraryTable">
  <library name="Gradle: androidx.core:core-ktx:1.3.2@aar">
    <CLASSES>
      <root url="jar://$USER_HOME$/Desktop/gradle-7.2/caches/transforms-2/files-2.1/577b7696df72d96fadf0fb96c6edd008/jetified-core-ktx-1.3.2/jars/classes.jar!/" />
      <root url="file://$USER_HOME$/Desktop/gradle-7.2/caches/transforms-2/files-2.1/577b7696df72d96fadf0fb96c6edd008/jetified-core-ktx-1.3.2/res" />
      <root url="file://$USER_HOME$/Desktop/gradle-7.2/caches/transforms-2/files-2.1/577b7696df72d96fadf0fb96c6edd008/jetified-core-ktx-1.3.2/AndroidManifest.xml" />
    </CLASSES>
    <JAVADOC />
    <SOURCES>
      <root url="jar://$USER_HOME$/Desktop/gradle-7.2/caches/modules-2/files-2.1/androidx.core/core-ktx/1.3.2/98b0507bcf3cd12d671bf6dac09262757b60351d/core-ktx-1.3.2-sources.jar!/" />
    </SOURCES>
  </library>
</component>