<component name="libraryTable">
  <library name="Gradle: androidx.lifecycle:lifecycle-livedata-core-ktx:2.2.0@aar">
    <CLASSES>
      <root url="jar://$USER_HOME$/Desktop/gradle-7.2/caches/transforms-2/files-2.1/9307f4bfc37207682c73d2c1c6e112cd/jetified-lifecycle-livedata-core-ktx-2.2.0/jars/classes.jar!/" />
      <root url="file://$USER_HOME$/Desktop/gradle-7.2/caches/transforms-2/files-2.1/9307f4bfc37207682c73d2c1c6e112cd/jetified-lifecycle-livedata-core-ktx-2.2.0/res" />
      <root url="file://$USER_HOME$/Desktop/gradle-7.2/caches/transforms-2/files-2.1/9307f4bfc37207682c73d2c1c6e112cd/jetified-lifecycle-livedata-core-ktx-2.2.0/AndroidManifest.xml" />
    </CLASSES>
    <JAVADOC />
    <SOURCES>
      <root url="jar://$USER_HOME$/Desktop/gradle-7.2/caches/modules-2/files-2.1/androidx.lifecycle/lifecycle-livedata-core-ktx/2.2.0/7aa8d50b21a293f7a525ec84869c421a963b0188/lifecycle-livedata-core-ktx-2.2.0-sources.jar!/" />
    </SOURCES>
  </library>
</component>