<component name="libraryTable">
  <library name="Gradle: com.google.firebase:firebase-iid:17.0.4@aar">
    <CLASSES>
      <root url="jar://$USER_HOME$/Desktop/gradle-7.2/caches/transforms-2/files-2.1/93d352eafd23af29e9046d74a678b57d/jetified-firebase-iid-17.0.4/jars/classes.jar!/" />
      <root url="file://$USER_HOME$/Desktop/gradle-7.2/caches/transforms-2/files-2.1/93d352eafd23af29e9046d74a678b57d/jetified-firebase-iid-17.0.4/res" />
      <root url="file://$USER_HOME$/Desktop/gradle-7.2/caches/transforms-2/files-2.1/93d352eafd23af29e9046d74a678b57d/jetified-firebase-iid-17.0.4/AndroidManifest.xml" />
      <root url="file://$USER_HOME$/Desktop/gradle-7.2/caches/transforms-2/files-2.1/e7f2e6fe6d6e82f8a1cd91e017659877/jetified-firebase-iid-17.0.4/AndroidManifest.xml" />
      <root url="jar://$USER_HOME$/Desktop/gradle-7.2/caches/transforms-2/files-2.1/e7f2e6fe6d6e82f8a1cd91e017659877/jetified-firebase-iid-17.0.4/jars/classes.jar!/" />
      <root url="file://$USER_HOME$/Desktop/gradle-7.2/caches/transforms-2/files-2.1/e7f2e6fe6d6e82f8a1cd91e017659877/jetified-firebase-iid-17.0.4/res" />
    </CLASSES>
    <JAVADOC>
      <root url="jar://$USER_HOME$/Desktop/gradle-7.2/caches/modules-2/files-2.1/com.google.firebase/firebase-iid/17.0.4/52a3baef73be52e5197545247e6590b897bec788/firebase-iid-17.0.4-javadoc.jar!/" />
    </JAVADOC>
    <SOURCES />
  </library>
</component>