<component name="libraryTable">
  <library name="Gradle: androidx.constraintlayout:constraintlayout:2.1.0-beta02@aar">
    <CLASSES>
      <root url="jar://$USER_HOME$/Desktop/gradle-7.2/caches/transforms-2/files-2.1/7cbe9b4efb243ac2525d11fb51b3dad6/constraintlayout-2.1.0-beta02/jars/classes.jar!/" />
      <root url="file://$USER_HOME$/Desktop/gradle-7.2/caches/transforms-2/files-2.1/7cbe9b4efb243ac2525d11fb51b3dad6/constraintlayout-2.1.0-beta02/res" />
      <root url="file://$USER_HOME$/Desktop/gradle-7.2/caches/transforms-2/files-2.1/7cbe9b4efb243ac2525d11fb51b3dad6/constraintlayout-2.1.0-beta02/AndroidManifest.xml" />
    </CLASSES>
    <JAVADOC />
    <SOURCES>
      <root url="jar://$USER_HOME$/Desktop/gradle-7.2/caches/modules-2/files-2.1/androidx.constraintlayout/constraintlayout/2.1.0-beta02/7f14dff8719d4f078812eb538cfc158dd5e3906f/constraintlayout-2.1.0-beta02-sources.jar!/" />
    </SOURCES>
  </library>
</component>