<component name="libraryTable">
  <library name="Gradle: com.google.android.gms:play-services-tasks:17.2.0@aar">
    <CLASSES>
      <root url="jar://$USER_HOME$/Desktop/gradle-7.2/caches/transforms-2/files-2.1/31792e1d71cd691aa63902403c0cb384/jetified-play-services-tasks-17.2.0/jars/classes.jar!/" />
      <root url="file://$USER_HOME$/Desktop/gradle-7.2/caches/transforms-2/files-2.1/31792e1d71cd691aa63902403c0cb384/jetified-play-services-tasks-17.2.0/res" />
      <root url="file://$USER_HOME$/Desktop/gradle-7.2/caches/transforms-2/files-2.1/31792e1d71cd691aa63902403c0cb384/jetified-play-services-tasks-17.2.0/AndroidManifest.xml" />
    </CLASSES>
    <JAVADOC>
      <root url="jar://$USER_HOME$/Desktop/gradle-7.2/caches/modules-2/files-2.1/com.google.android.gms/play-services-tasks/17.2.0/81416b4eaf80f684ed08fc33ca57b2602319c811/play-services-tasks-17.2.0-javadoc.jar!/" />
    </JAVADOC>
    <SOURCES />
  </library>
</component>