<component name="libraryTable">
  <library name="Gradle: com.google.android.gms:play-services-auth-base:17.0.0@aar">
    <CLASSES>
      <root url="jar://$USER_HOME$/Desktop/gradle-7.2/caches/transforms-2/files-2.1/ca40a9b4e82b655f29ba31ca37b9310f/jetified-play-services-auth-base-17.0.0/jars/classes.jar!/" />
      <root url="file://$USER_HOME$/Desktop/gradle-7.2/caches/transforms-2/files-2.1/ca40a9b4e82b655f29ba31ca37b9310f/jetified-play-services-auth-base-17.0.0/res" />
      <root url="file://$USER_HOME$/Desktop/gradle-7.2/caches/transforms-2/files-2.1/ca40a9b4e82b655f29ba31ca37b9310f/jetified-play-services-auth-base-17.0.0/AndroidManifest.xml" />
    </CLASSES>
    <JAVADOC />
    <SOURCES />
  </library>
</component>