<component name="libraryTable">
  <library name="Gradle: androidx.appcompat:appcompat:1.3.0@aar">
    <ANNOTATIONS>
      <root url="jar://$USER_HOME$/Desktop/gradle-7.2/caches/transforms-2/files-2.1/66e5f505d18233dc5f8fd604c8ba346b/appcompat-1.3.0/annotations.zip!/" />
    </ANNOTATIONS>
    <CLASSES>
      <root url="jar://$USER_HOME$/Desktop/gradle-7.2/caches/transforms-2/files-2.1/66e5f505d18233dc5f8fd604c8ba346b/appcompat-1.3.0/jars/classes.jar!/" />
      <root url="file://$USER_HOME$/Desktop/gradle-7.2/caches/transforms-2/files-2.1/66e5f505d18233dc5f8fd604c8ba346b/appcompat-1.3.0/res" />
      <root url="file://$USER_HOME$/Desktop/gradle-7.2/caches/transforms-2/files-2.1/66e5f505d18233dc5f8fd604c8ba346b/appcompat-1.3.0/AndroidManifest.xml" />
    </CLASSES>
    <JAVADOC />
    <SOURCES>
      <root url="jar://$USER_HOME$/Desktop/gradle-7.2/caches/modules-2/files-2.1/androidx.appcompat/appcompat/1.3.0/45a346a05e7ff27a01c59452379c5939cbb53c03/appcompat-1.3.0-sources.jar!/" />
    </SOURCES>
  </library>
</component>