<component name="libraryTable">
  <library name="Gradle: com.google.android.datatransport:transport-runtime:2.2.3@aar">
    <CLASSES>
      <root url="jar://$USER_HOME$/Desktop/gradle-7.2/caches/transforms-2/files-2.1/dc2ccb7606036b5bd4084539e888231a/jetified-transport-runtime-2.2.3/jars/classes.jar!/" />
      <root url="file://$USER_HOME$/Desktop/gradle-7.2/caches/transforms-2/files-2.1/dc2ccb7606036b5bd4084539e888231a/jetified-transport-runtime-2.2.3/res" />
      <root url="file://$USER_HOME$/Desktop/gradle-7.2/caches/transforms-2/files-2.1/dc2ccb7606036b5bd4084539e888231a/jetified-transport-runtime-2.2.3/AndroidManifest.xml" />
    </CLASSES>
    <JAVADOC>
      <root url="jar://$USER_HOME$/Desktop/gradle-7.2/caches/modules-2/files-2.1/com.google.android.datatransport/transport-runtime/2.2.3/98d7e688682f0a29533d77fc69ba2a642e195620/transport-runtime-2.2.3-javadoc.jar!/" />
    </JAVADOC>
    <SOURCES />
  </library>
</component>