<component name="libraryTable">
  <library name="Gradle: androidx.lifecycle:lifecycle-viewmodel:2.3.1@aar">
    <CLASSES>
      <root url="jar://$USER_HOME$/Desktop/gradle-7.2/caches/transforms-2/files-2.1/c1f661ad374d5da3ca16a4bca1ca53a3/lifecycle-viewmodel-2.3.1/jars/classes.jar!/" />
      <root url="file://$USER_HOME$/Desktop/gradle-7.2/caches/transforms-2/files-2.1/c1f661ad374d5da3ca16a4bca1ca53a3/lifecycle-viewmodel-2.3.1/res" />
      <root url="file://$USER_HOME$/Desktop/gradle-7.2/caches/transforms-2/files-2.1/c1f661ad374d5da3ca16a4bca1ca53a3/lifecycle-viewmodel-2.3.1/AndroidManifest.xml" />
    </CLASSES>
    <JAVADOC />
    <SOURCES>
      <root url="jar://$USER_HOME$/Desktop/gradle-7.2/caches/modules-2/files-2.1/androidx.lifecycle/lifecycle-viewmodel/2.3.1/55d6fa3541ca02167b0bd62a16fbdaec2a71622/lifecycle-viewmodel-2.3.1-sources.jar!/" />
    </SOURCES>
  </library>
</component>