<component name="libraryTable">
  <library name="Gradle: com.github.stephenc.jcip:jcip-annotations:1.0-1">
    <CLASSES>
      <root url="jar://$USER_HOME$/Desktop/gradle-7.2/caches/modules-2/files-2.1/com.github.stephenc.jcip/jcip-annotations/1.0-1/ef31541dd28ae2cefdd17c7ebf352d93e9058c63/jcip-annotations-1.0-1.jar!/" />
    </CLASSES>
    <JAVADOC>
      <root url="jar://$USER_HOME$/Desktop/gradle-7.2/caches/modules-2/files-2.1/com.github.stephenc.jcip/jcip-annotations/1.0-1/f67272a48a6ceb24389a691ae036af08b209466d/jcip-annotations-1.0-1-javadoc.jar!/" />
    </JAVADOC>
    <SOURCES>
      <root url="jar://$USER_HOME$/Desktop/gradle-7.2/caches/modules-2/files-2.1/com.github.stephenc.jcip/jcip-annotations/1.0-1/2064ac5ff426f3c02656aedc317952b82463782f/jcip-annotations-1.0-1-sources.jar!/" />
    </SOURCES>
  </library>
</component>