<component name="libraryTable">
  <library name="Gradle: androidx.customview:customview:1.0.0@aar">
    <CLASSES>
      <root url="jar://$USER_HOME$/Desktop/gradle-7.2/caches/transforms-2/files-2.1/6364e684ab0398b2bffe98cb87d794d8/customview-1.0.0/jars/classes.jar!/" />
      <root url="file://$USER_HOME$/Desktop/gradle-7.2/caches/transforms-2/files-2.1/6364e684ab0398b2bffe98cb87d794d8/customview-1.0.0/res" />
      <root url="file://$USER_HOME$/Desktop/gradle-7.2/caches/transforms-2/files-2.1/6364e684ab0398b2bffe98cb87d794d8/customview-1.0.0/AndroidManifest.xml" />
    </CLASSES>
    <JAVADOC />
    <SOURCES>
      <root url="jar://$USER_HOME$/Desktop/gradle-7.2/caches/modules-2/files-2.1/androidx.customview/customview/1.0.0/61f6a717d144dff3a6bda413d9abeeb2bca71581/customview-1.0.0-sources.jar!/" />
    </SOURCES>
  </library>
</component>