<component name="libraryTable">
  <library name="Gradle: com.facebook.android:facebook-login:8.1.0@aar">
    <CLASSES>
      <root url="jar://$USER_HOME$/Desktop/gradle-7.2/caches/transforms-2/files-2.1/3cd1da15ad2cf24a8537ac4598a5736a/jetified-facebook-login-8.1.0/jars/classes.jar!/" />
      <root url="file://$USER_HOME$/Desktop/gradle-7.2/caches/transforms-2/files-2.1/3cd1da15ad2cf24a8537ac4598a5736a/jetified-facebook-login-8.1.0/res" />
      <root url="file://$USER_HOME$/Desktop/gradle-7.2/caches/transforms-2/files-2.1/3cd1da15ad2cf24a8537ac4598a5736a/jetified-facebook-login-8.1.0/AndroidManifest.xml" />
    </CLASSES>
    <JAVADOC>
      <root url="jar://$USER_HOME$/Desktop/gradle-7.2/caches/modules-2/files-2.1/com.facebook.android/facebook-login/8.1.0/bebe66457c0f7266b78ded4e8ee176880bc85378/facebook-login-8.1.0-javadoc.jar!/" />
    </JAVADOC>
    <SOURCES>
      <root url="jar://$USER_HOME$/Desktop/gradle-7.2/caches/modules-2/files-2.1/com.facebook.android/facebook-login/8.1.0/878175f31f91ac5a7e92031661713416779ee845/facebook-login-8.1.0-sources.jar!/" />
    </SOURCES>
  </library>
</component>