<component name="libraryTable">
  <library name="Gradle: androidx.multidex:multidex:2.0.1@aar">
    <CLASSES>
      <root url="jar://$USER_HOME$/Desktop/gradle-7.2/caches/transforms-2/files-2.1/2221dc3a45855a0bf83e85e318ce7e66/multidex-2.0.1/jars/classes.jar!/" />
      <root url="file://$USER_HOME$/Desktop/gradle-7.2/caches/transforms-2/files-2.1/2221dc3a45855a0bf83e85e318ce7e66/multidex-2.0.1/res" />
      <root url="file://$USER_HOME$/Desktop/gradle-7.2/caches/transforms-2/files-2.1/2221dc3a45855a0bf83e85e318ce7e66/multidex-2.0.1/AndroidManifest.xml" />
    </CLASSES>
    <JAVADOC />
    <SOURCES>
      <root url="jar://$USER_HOME$/Desktop/gradle-7.2/caches/modules-2/files-2.1/androidx.multidex/multidex/2.0.1/f3f4d0d014301dc9491afc5d4a0a91a385e32752/multidex-2.0.1-sources.jar!/" />
    </SOURCES>
  </library>
</component>