<component name="libraryTable">
  <library name="Gradle: com.facebook.android:facebook-common:8.1.0@aar">
    <CLASSES>
      <root url="jar://$USER_HOME$/Desktop/gradle-7.2/caches/transforms-2/files-2.1/2000a51ed746f0555f05c28e1c787eae/jetified-facebook-common-8.1.0/jars/classes.jar!/" />
      <root url="file://$USER_HOME$/Desktop/gradle-7.2/caches/transforms-2/files-2.1/2000a51ed746f0555f05c28e1c787eae/jetified-facebook-common-8.1.0/res" />
      <root url="file://$USER_HOME$/Desktop/gradle-7.2/caches/transforms-2/files-2.1/2000a51ed746f0555f05c28e1c787eae/jetified-facebook-common-8.1.0/AndroidManifest.xml" />
    </CLASSES>
    <JAVADOC>
      <root url="jar://$USER_HOME$/Desktop/gradle-7.2/caches/modules-2/files-2.1/com.facebook.android/facebook-common/8.1.0/c36b3617f1e9d8e72c76c39d5511ec502def3427/facebook-common-8.1.0-javadoc.jar!/" />
    </JAVADOC>
    <SOURCES>
      <root url="jar://$USER_HOME$/Desktop/gradle-7.2/caches/modules-2/files-2.1/com.facebook.android/facebook-common/8.1.0/2102afd42698998c812b5c98b45cc314572c3d3/facebook-common-8.1.0-sources.jar!/" />
    </SOURCES>
  </library>
</component>