<component name="libraryTable">
  <library name="Gradle: com.google.android.gms:play-services-gcm:17.0.0@aar">
    <CLASSES>
      <root url="jar://$USER_HOME$/Desktop/gradle-7.2/caches/transforms-2/files-2.1/361b265a16432fabebf3208e736d1a09/jetified-play-services-gcm-17.0.0/jars/classes.jar!/" />
      <root url="file://$USER_HOME$/Desktop/gradle-7.2/caches/transforms-2/files-2.1/361b265a16432fabebf3208e736d1a09/jetified-play-services-gcm-17.0.0/res" />
      <root url="file://$USER_HOME$/Desktop/gradle-7.2/caches/transforms-2/files-2.1/361b265a16432fabebf3208e736d1a09/jetified-play-services-gcm-17.0.0/AndroidManifest.xml" />
    </CLASSES>
    <JAVADOC>
      <root url="jar://$USER_HOME$/Desktop/gradle-7.2/caches/modules-2/files-2.1/com.google.android.gms/play-services-gcm/17.0.0/f5494ccc301364a2a57badf4fec846d8ff8424a3/play-services-gcm-17.0.0-javadoc.jar!/" />
    </JAVADOC>
    <SOURCES />
  </library>
</component>