<component name="libraryTable">
  <library name="Gradle: com.lorentzos.swipecards:library:1.0.9@aar">
    <CLASSES>
      <root url="jar://$USER_HOME$/Desktop/gradle-7.2/caches/transforms-2/files-2.1/aa41fa4d64ac6dda8b383ffe480d03bb/jetified-library-1.0.9/jars/classes.jar!/" />
      <root url="file://$USER_HOME$/Desktop/gradle-7.2/caches/transforms-2/files-2.1/aa41fa4d64ac6dda8b383ffe480d03bb/jetified-library-1.0.9/res" />
      <root url="file://$USER_HOME$/Desktop/gradle-7.2/caches/transforms-2/files-2.1/aa41fa4d64ac6dda8b383ffe480d03bb/jetified-library-1.0.9/AndroidManifest.xml" />
    </CLASSES>
    <JAVADOC />
    <SOURCES />
  </library>
</component>