<component name="libraryTable">
  <library name="Gradle: com.jakewharton.rxbinding:rxbinding:1.0.1@aar">
    <CLASSES>
      <root url="jar://$USER_HOME$/Desktop/gradle-7.2/caches/transforms-2/files-2.1/aee938d887ce33fc8e207a3c93ee187c/jetified-rxbinding-1.0.1/jars/classes.jar!/" />
      <root url="file://$USER_HOME$/Desktop/gradle-7.2/caches/transforms-2/files-2.1/aee938d887ce33fc8e207a3c93ee187c/jetified-rxbinding-1.0.1/res" />
      <root url="file://$USER_HOME$/Desktop/gradle-7.2/caches/transforms-2/files-2.1/aee938d887ce33fc8e207a3c93ee187c/jetified-rxbinding-1.0.1/AndroidManifest.xml" />
    </CLASSES>
    <JAVADOC>
      <root url="jar://$USER_HOME$/Desktop/gradle-7.2/caches/modules-2/files-2.1/com.jakewharton.rxbinding/rxbinding/1.0.1/25208373060a7c57a49861ab5bb6feb1059f9a63/rxbinding-1.0.1-javadoc.jar!/" />
    </JAVADOC>
    <SOURCES>
      <root url="jar://$USER_HOME$/Desktop/gradle-7.2/caches/modules-2/files-2.1/com.jakewharton.rxbinding/rxbinding/1.0.1/ebd628f6437877d601937da88e79c21f0c90504f/rxbinding-1.0.1-sources.jar!/" />
    </SOURCES>
  </library>
</component>