<component name="libraryTable">
  <library name="Gradle: com.android.volley:volley:1.1.1@aar">
    <CLASSES>
      <root url="jar://$USER_HOME$/Desktop/gradle-7.2/caches/transforms-2/files-2.1/cdb4ceab67a04aa1878c692a599105c3/jetified-volley-1.1.1/jars/classes.jar!/" />
      <root url="file://$USER_HOME$/Desktop/gradle-7.2/caches/transforms-2/files-2.1/cdb4ceab67a04aa1878c692a599105c3/jetified-volley-1.1.1/res" />
      <root url="file://$USER_HOME$/Desktop/gradle-7.2/caches/transforms-2/files-2.1/cdb4ceab67a04aa1878c692a599105c3/jetified-volley-1.1.1/AndroidManifest.xml" />
    </CLASSES>
    <JAVADOC>
      <root url="jar://$USER_HOME$/Desktop/gradle-7.2/caches/modules-2/files-2.1/com.android.volley/volley/1.1.1/4dab8aeeac8192fb8b6d7f9186b7357d94808049/volley-1.1.1-javadoc.jar!/" />
    </JAVADOC>
    <SOURCES>
      <root url="jar://$USER_HOME$/Desktop/gradle-7.2/caches/modules-2/files-2.1/com.android.volley/volley/1.1.1/3fb00d0da53c4e9f35a519da6e22bc2de7463816/volley-1.1.1-sources.jar!/" />
    </SOURCES>
  </library>
</component>