<component name="libraryTable">
  <library name="Gradle: androidx.databinding:viewbinding:4.2.1@aar">
    <CLASSES>
      <root url="jar://$USER_HOME$/Desktop/gradle-7.2/caches/transforms-2/files-2.1/cc932dbf004c6e785027c55ff6592691/jetified-viewbinding-4.2.1/jars/classes.jar!/" />
      <root url="file://$USER_HOME$/Desktop/gradle-7.2/caches/transforms-2/files-2.1/cc932dbf004c6e785027c55ff6592691/jetified-viewbinding-4.2.1/res" />
      <root url="file://$USER_HOME$/Desktop/gradle-7.2/caches/transforms-2/files-2.1/cc932dbf004c6e785027c55ff6592691/jetified-viewbinding-4.2.1/AndroidManifest.xml" />
    </CLASSES>
    <JAVADOC />
    <SOURCES>
      <root url="jar://$USER_HOME$/Desktop/gradle-7.2/caches/modules-2/files-2.1/androidx.databinding/viewbinding/4.2.1/617942798f11d0a106cdd831ad5eea00714997a2/viewbinding-4.2.1-sources.jar!/" />
    </SOURCES>
  </library>
</component>