<component name="libraryTable">
  <library name="Gradle: androidx.lifecycle:lifecycle-process:2.1.0@aar">
    <CLASSES>
      <root url="jar://$USER_HOME$/Desktop/gradle-7.2/caches/transforms-2/files-2.1/8c7bbcc8c6a0dbd248c55c9282e0b06c/jetified-lifecycle-process-2.1.0/jars/classes.jar!/" />
      <root url="file://$USER_HOME$/Desktop/gradle-7.2/caches/transforms-2/files-2.1/8c7bbcc8c6a0dbd248c55c9282e0b06c/jetified-lifecycle-process-2.1.0/res" />
      <root url="file://$USER_HOME$/Desktop/gradle-7.2/caches/transforms-2/files-2.1/8c7bbcc8c6a0dbd248c55c9282e0b06c/jetified-lifecycle-process-2.1.0/AndroidManifest.xml" />
    </CLASSES>
    <JAVADOC />
    <SOURCES>
      <root url="jar://$USER_HOME$/Desktop/gradle-7.2/caches/modules-2/files-2.1/androidx.lifecycle/lifecycle-process/2.1.0/a3ddd1911f2911de0d6d090f83e0f3441d398f6e/lifecycle-process-2.1.0-sources.jar!/" />
    </SOURCES>
  </library>
</component>