<component name="libraryTable">
  <library name="Gradle: com.squareup.retrofit2:converter-gson:2.9.0">
    <CLASSES>
      <root url="jar://$USER_HOME$/Desktop/gradle-7.2/caches/modules-2/files-2.1/com.squareup.retrofit2/converter-gson/2.9.0/fc93484fc67ab52b1e0ccbdaa3922d8a6678e097/converter-gson-2.9.0.jar!/" />
    </CLASSES>
    <JAVADOC>
      <root url="jar://$USER_HOME$/Desktop/gradle-7.2/caches/modules-2/files-2.1/com.squareup.retrofit2/converter-gson/2.9.0/76a801b6fd4d1bbd0e04cd7c079ae0e3f9c0dbf8/converter-gson-2.9.0-javadoc.jar!/" />
    </JAVADOC>
    <SOURCES>
      <root url="jar://$USER_HOME$/Desktop/gradle-7.2/caches/modules-2/files-2.1/com.squareup.retrofit2/converter-gson/2.9.0/c62a3350a231bd6b678e2cad7f23028777f51e13/converter-gson-2.9.0-sources.jar!/" />
    </SOURCES>
  </library>
</component>