<component name="libraryTable">
  <library name="Gradle: androidx.fragment:fragment-ktx:1.2.5@aar">
    <CLASSES>
      <root url="jar://$USER_HOME$/Desktop/gradle-7.2/caches/transforms-2/files-2.1/47193faef6584b05b452c9ee314f5891/jetified-fragment-ktx-1.2.5/jars/classes.jar!/" />
      <root url="file://$USER_HOME$/Desktop/gradle-7.2/caches/transforms-2/files-2.1/47193faef6584b05b452c9ee314f5891/jetified-fragment-ktx-1.2.5/res" />
      <root url="file://$USER_HOME$/Desktop/gradle-7.2/caches/transforms-2/files-2.1/47193faef6584b05b452c9ee314f5891/jetified-fragment-ktx-1.2.5/AndroidManifest.xml" />
    </CLASSES>
    <JAVADOC />
    <SOURCES>
      <root url="jar://$USER_HOME$/Desktop/gradle-7.2/caches/modules-2/files-2.1/androidx.fragment/fragment-ktx/1.2.5/1ffa885329ceba2ceb2bea1253d2ca32a0c95fa7/fragment-ktx-1.2.5-sources.jar!/" />
    </SOURCES>
  </library>
</component>