<component name="libraryTable">
  <library name="Gradle: androidx.lifecycle:lifecycle-service:2.2.0-alpha02@aar">
    <CLASSES>
      <root url="jar://$USER_HOME$/Desktop/gradle-7.2/caches/transforms-2/files-2.1/4934c3f50cbfdc1ecfe8bb0c5dc7651a/jetified-lifecycle-service-2.2.0-alpha02/jars/classes.jar!/" />
      <root url="file://$USER_HOME$/Desktop/gradle-7.2/caches/transforms-2/files-2.1/4934c3f50cbfdc1ecfe8bb0c5dc7651a/jetified-lifecycle-service-2.2.0-alpha02/res" />
      <root url="file://$USER_HOME$/Desktop/gradle-7.2/caches/transforms-2/files-2.1/4934c3f50cbfdc1ecfe8bb0c5dc7651a/jetified-lifecycle-service-2.2.0-alpha02/AndroidManifest.xml" />
    </CLASSES>
    <JAVADOC />
    <SOURCES>
      <root url="jar://$USER_HOME$/Desktop/gradle-7.2/caches/modules-2/files-2.1/androidx.lifecycle/lifecycle-service/2.2.0-alpha02/e150534c1cf4462034fe447f30f8c07bcd7d8f22/lifecycle-service-2.2.0-alpha02-sources.jar!/" />
    </SOURCES>
  </library>
</component>