<component name="libraryTable">
  <library name="Gradle: org.jetbrains.kotlin:kotlin-parcelize-runtime:1.4.20">
    <CLASSES>
      <root url="jar://$USER_HOME$/Desktop/gradle-7.2/caches/modules-2/files-2.1/org.jetbrains.kotlin/kotlin-parcelize-runtime/1.4.20/6793e58811b4a22aa104ecd2798836e1cd6cad9f/kotlin-parcelize-runtime-1.4.20.jar!/" />
    </CLASSES>
    <JAVADOC>
      <root url="jar://$USER_HOME$/Desktop/gradle-7.2/caches/modules-2/files-2.1/org.jetbrains.kotlin/kotlin-parcelize-runtime/1.4.20/5b8f86fea035328fc9e8c660773037a3401ce25f/kotlin-parcelize-runtime-1.4.20-javadoc.jar!/" />
    </JAVADOC>
    <SOURCES>
      <root url="jar://$USER_HOME$/Desktop/gradle-7.2/caches/modules-2/files-2.1/org.jetbrains.kotlin/kotlin-parcelize-runtime/1.4.20/3e1a4be4f81524d169b228574eaf7cc9c049c39e/kotlin-parcelize-runtime-1.4.20-sources.jar!/" />
    </SOURCES>
  </library>
</component>