<component name="libraryTable">
  <library name="Gradle: com.google.firebase:firebase-storage:20.0.0@aar">
    <CLASSES>
      <root url="jar://$USER_HOME$/Desktop/gradle-7.2/caches/transforms-2/files-2.1/c17b64c05653b374f71bdcc8113b85a4/jetified-firebase-storage-20.0.0/jars/classes.jar!/" />
      <root url="file://$USER_HOME$/Desktop/gradle-7.2/caches/transforms-2/files-2.1/c17b64c05653b374f71bdcc8113b85a4/jetified-firebase-storage-20.0.0/res" />
      <root url="file://$USER_HOME$/Desktop/gradle-7.2/caches/transforms-2/files-2.1/c17b64c05653b374f71bdcc8113b85a4/jetified-firebase-storage-20.0.0/AndroidManifest.xml" />
    </CLASSES>
    <JAVADOC>
      <root url="jar://$USER_HOME$/Desktop/gradle-7.2/caches/modules-2/files-2.1/com.google.firebase/firebase-storage/20.0.0/239b2d5bd0105d8920ba3d472ab0f437c1fc388a/firebase-storage-20.0.0-javadoc.jar!/" />
    </JAVADOC>
    <SOURCES>
      <root url="jar://$USER_HOME$/Desktop/gradle-7.2/caches/modules-2/files-2.1/com.google.firebase/firebase-storage/20.0.0/44d9a9237515726384d0491c44fd2c1a4d383ddc/firebase-storage-20.0.0-sources.jar!/" />
    </SOURCES>
  </library>
</component>