<component name="libraryTable">
  <library name="Gradle: com.google.android.gms:play-services-auth-api-phone:17.4.0@aar">
    <CLASSES>
      <root url="jar://$USER_HOME$/Desktop/gradle-7.2/caches/transforms-2/files-2.1/7e1a434f6e1c0eee62141fd897ab7289/jetified-play-services-auth-api-phone-17.4.0/jars/classes.jar!/" />
      <root url="file://$USER_HOME$/Desktop/gradle-7.2/caches/transforms-2/files-2.1/7e1a434f6e1c0eee62141fd897ab7289/jetified-play-services-auth-api-phone-17.4.0/res" />
      <root url="file://$USER_HOME$/Desktop/gradle-7.2/caches/transforms-2/files-2.1/7e1a434f6e1c0eee62141fd897ab7289/jetified-play-services-auth-api-phone-17.4.0/AndroidManifest.xml" />
    </CLASSES>
    <JAVADOC>
      <root url="jar://$USER_HOME$/Desktop/gradle-7.2/caches/modules-2/files-2.1/com.google.android.gms/play-services-auth-api-phone/17.4.0/b6b7f35110232b40de7a1374921fcff1eaa864ba/play-services-auth-api-phone-17.4.0-javadoc.jar!/" />
    </JAVADOC>
    <SOURCES />
  </library>
</component>