<component name="libraryTable">
  <library name="Gradle: com.google.firebase:firebase-database-collection:18.0.0@aar">
    <CLASSES>
      <root url="jar://$USER_HOME$/Desktop/gradle-7.2/caches/transforms-2/files-2.1/420a1ed06bf80a0e5b59a2391d563f55/jetified-firebase-database-collection-18.0.0/jars/classes.jar!/" />
      <root url="file://$USER_HOME$/Desktop/gradle-7.2/caches/transforms-2/files-2.1/420a1ed06bf80a0e5b59a2391d563f55/jetified-firebase-database-collection-18.0.0/res" />
      <root url="file://$USER_HOME$/Desktop/gradle-7.2/caches/transforms-2/files-2.1/420a1ed06bf80a0e5b59a2391d563f55/jetified-firebase-database-collection-18.0.0/AndroidManifest.xml" />
    </CLASSES>
    <JAVADOC>
      <root url="jar://$USER_HOME$/Desktop/gradle-7.2/caches/modules-2/files-2.1/com.google.firebase/firebase-database-collection/18.0.0/356b17279173563a32e5043c9ead29ca888f8813/firebase-database-collection-18.0.0-javadoc.jar!/" />
    </JAVADOC>
    <SOURCES>
      <root url="jar://$USER_HOME$/Desktop/gradle-7.2/caches/modules-2/files-2.1/com.google.firebase/firebase-database-collection/18.0.0/6996e9054c5e2be34fe5b7094aa44d72a0b14aa0/firebase-database-collection-18.0.0-sources.jar!/" />
    </SOURCES>
  </library>
</component>