<component name="libraryTable">
  <library name="Gradle: com.google.android.gms:play-services-ads-identifier:16.0.0@aar">
    <CLASSES>
      <root url="jar://$USER_HOME$/Desktop/gradle-7.2/caches/transforms-2/files-2.1/df9a8ca0e67b4a5d798791c7ffe63ab7/jetified-play-services-ads-identifier-16.0.0/jars/classes.jar!/" />
      <root url="file://$USER_HOME$/Desktop/gradle-7.2/caches/transforms-2/files-2.1/df9a8ca0e67b4a5d798791c7ffe63ab7/jetified-play-services-ads-identifier-16.0.0/res" />
      <root url="file://$USER_HOME$/Desktop/gradle-7.2/caches/transforms-2/files-2.1/df9a8ca0e67b4a5d798791c7ffe63ab7/jetified-play-services-ads-identifier-16.0.0/AndroidManifest.xml" />
    </CLASSES>
    <JAVADOC />
    <SOURCES />
  </library>
</component>