<component name="libraryTable">
  <library name="Gradle: androidx.lifecycle:lifecycle-extensions:2.1.0@aar">
    <CLASSES>
      <root url="jar://$USER_HOME$/Desktop/gradle-7.2/caches/transforms-2/files-2.1/59ab35292c77da8729e04a5e74960596/lifecycle-extensions-2.1.0/jars/classes.jar!/" />
      <root url="file://$USER_HOME$/Desktop/gradle-7.2/caches/transforms-2/files-2.1/59ab35292c77da8729e04a5e74960596/lifecycle-extensions-2.1.0/res" />
      <root url="file://$USER_HOME$/Desktop/gradle-7.2/caches/transforms-2/files-2.1/59ab35292c77da8729e04a5e74960596/lifecycle-extensions-2.1.0/AndroidManifest.xml" />
    </CLASSES>
    <JAVADOC />
    <SOURCES>
      <root url="jar://$USER_HOME$/Desktop/gradle-7.2/caches/modules-2/files-2.1/androidx.lifecycle/lifecycle-extensions/2.1.0/84e54bd949cf1843ddddfe3e005b4d3a1649d562/lifecycle-extensions-2.1.0-sources.jar!/" />
    </SOURCES>
  </library>
</component>