<component name="libraryTable">
  <library name="Gradle: com.google.android.datatransport:transport-backend-cct:2.3.0@aar">
    <CLASSES>
      <root url="jar://$USER_HOME$/Desktop/gradle-7.2/caches/transforms-2/files-2.1/571157fd6a6c01c3ce6004275aea729d/jetified-transport-backend-cct-2.3.0/jars/classes.jar!/" />
      <root url="file://$USER_HOME$/Desktop/gradle-7.2/caches/transforms-2/files-2.1/571157fd6a6c01c3ce6004275aea729d/jetified-transport-backend-cct-2.3.0/res" />
      <root url="file://$USER_HOME$/Desktop/gradle-7.2/caches/transforms-2/files-2.1/571157fd6a6c01c3ce6004275aea729d/jetified-transport-backend-cct-2.3.0/AndroidManifest.xml" />
    </CLASSES>
    <JAVADOC>
      <root url="jar://$USER_HOME$/Desktop/gradle-7.2/caches/modules-2/files-2.1/com.google.android.datatransport/transport-backend-cct/2.3.0/ca2b7b73a1022b9f8e7e9f74e5cef8edee55db4/transport-backend-cct-2.3.0-javadoc.jar!/" />
    </JAVADOC>
    <SOURCES />
  </library>
</component>