<component name="libraryTable">
  <library name="Gradle: io.reactivex:rxandroid:1.2.1@aar">
    <CLASSES>
      <root url="jar://$USER_HOME$/Desktop/gradle-7.2/caches/transforms-2/files-2.1/7cd57595b2c190c9b1eeafac84ca77d5/jetified-rxandroid-1.2.1/jars/classes.jar!/" />
      <root url="file://$USER_HOME$/Desktop/gradle-7.2/caches/transforms-2/files-2.1/7cd57595b2c190c9b1eeafac84ca77d5/jetified-rxandroid-1.2.1/res" />
      <root url="file://$USER_HOME$/Desktop/gradle-7.2/caches/transforms-2/files-2.1/7cd57595b2c190c9b1eeafac84ca77d5/jetified-rxandroid-1.2.1/AndroidManifest.xml" />
    </CLASSES>
    <JAVADOC>
      <root url="jar://$USER_HOME$/Desktop/gradle-7.2/caches/modules-2/files-2.1/io.reactivex/rxandroid/1.2.1/c7c3c28e94710413fd9de24c2738a662a7ed0d1d/rxandroid-1.2.1-javadoc.jar!/" />
    </JAVADOC>
    <SOURCES>
      <root url="jar://$USER_HOME$/Desktop/gradle-7.2/caches/modules-2/files-2.1/io.reactivex/rxandroid/1.2.1/da8e4eadb096aa6264d31760e8f4623cb565e36b/rxandroid-1.2.1-sources.jar!/" />
    </SOURCES>
  </library>
</component>