<component name="libraryTable">
  <library name="Gradle: net.sf.kxml:kxml2:2.3.0">
    <CLASSES>
      <root url="jar://$USER_HOME$/Desktop/gradle-7.2/caches/modules-2/files-2.1/net.sf.kxml/kxml2/2.3.0/ccbc77a5fd907ef863c29f3596c6f54ffa4e9442/kxml2-2.3.0.jar!/" />
    </CLASSES>
    <JAVADOC>
      <root url="jar://$USER_HOME$/Desktop/gradle-7.2/caches/modules-2/files-2.1/net.sf.kxml/kxml2/2.3.0/dcb10030b92be67fd9dd224ade52310e40bbaf33/kxml2-2.3.0-javadoc.jar!/" />
    </JAVADOC>
    <SOURCES>
      <root url="jar://$USER_HOME$/Desktop/gradle-7.2/caches/modules-2/files-2.1/net.sf.kxml/kxml2/2.3.0/309cd2cff7260e465792fda3dcbb063b730d8050/kxml2-2.3.0-sources.jar!/" />
    </SOURCES>
  </library>
</component>