<component name="libraryTable">
  <library name="Gradle: com.google.android.gms:play-services-identity:17.0.0@aar">
    <CLASSES>
      <root url="jar://$USER_HOME$/Desktop/gradle-7.2/caches/transforms-2/files-2.1/e3fb55d7040e50c9e65d119f7e8a73aa/jetified-play-services-identity-17.0.0/jars/classes.jar!/" />
      <root url="file://$USER_HOME$/Desktop/gradle-7.2/caches/transforms-2/files-2.1/e3fb55d7040e50c9e65d119f7e8a73aa/jetified-play-services-identity-17.0.0/res" />
      <root url="file://$USER_HOME$/Desktop/gradle-7.2/caches/transforms-2/files-2.1/e3fb55d7040e50c9e65d119f7e8a73aa/jetified-play-services-identity-17.0.0/AndroidManifest.xml" />
    </CLASSES>
    <JAVADOC />
    <SOURCES />
  </library>
</component>