<component name="libraryTable">
  <library name="Gradle: com.google.android.gms:play-services-base:17.5.0@aar">
    <CLASSES>
      <root url="jar://$USER_HOME$/Desktop/gradle-7.2/caches/transforms-2/files-2.1/4163edf37abb7fc1c08f3997f5e4eb99/jetified-play-services-base-17.5.0/jars/classes.jar!/" />
      <root url="file://$USER_HOME$/Desktop/gradle-7.2/caches/transforms-2/files-2.1/4163edf37abb7fc1c08f3997f5e4eb99/jetified-play-services-base-17.5.0/res" />
      <root url="file://$USER_HOME$/Desktop/gradle-7.2/caches/transforms-2/files-2.1/4163edf37abb7fc1c08f3997f5e4eb99/jetified-play-services-base-17.5.0/AndroidManifest.xml" />
    </CLASSES>
    <JAVADOC>
      <root url="jar://$USER_HOME$/Desktop/gradle-7.2/caches/modules-2/files-2.1/com.google.android.gms/play-services-base/17.5.0/359ff792f8318b3b26916e43d192e2ff01fa45fb/play-services-base-17.5.0-javadoc.jar!/" />
    </JAVADOC>
    <SOURCES />
  </library>
</component>