<component name="libraryTable">
  <library name="Gradle: org.jetbrains.kotlinx:kotlinx-coroutines-core-jvm:1.4.1">
    <CLASSES>
      <root url="jar://$USER_HOME$/Desktop/gradle-7.2/caches/modules-2/files-2.1/org.jetbrains.kotlinx/kotlinx-coroutines-core-jvm/1.4.1/936067d1e0195f638396f60e71da745bb14a35ca/kotlinx-coroutines-core-jvm-1.4.1.jar!/" />
    </CLASSES>
    <JAVADOC>
      <root url="jar://$USER_HOME$/Desktop/gradle-7.2/caches/modules-2/files-2.1/org.jetbrains.kotlinx/kotlinx-coroutines-core-jvm/1.4.1/d80f4320b02ad4aa13ceee17e777dc5976a3c0ff/kotlinx-coroutines-core-jvm-1.4.1-javadoc.jar!/" />
    </JAVADOC>
    <SOURCES>
      <root url="jar://$USER_HOME$/Desktop/gradle-7.2/caches/modules-2/files-2.1/org.jetbrains.kotlinx/kotlinx-coroutines-core-jvm/1.4.1/c9619d548a64a55dd2de19fb7bc6ab2baf1cf751/kotlinx-coroutines-core-jvm-1.4.1-sources.jar!/" />
    </SOURCES>
  </library>
</component>