<component name="libraryTable">
  <library name="Gradle: com.google.firebase:firebase-iid:17.0.3@aar">
    <CLASSES>
      <root url="jar://$USER_HOME$/Desktop/gradle-7.2/caches/transforms-2/files-2.1/1a04cca3b06304a67c9eb21caa40df52/jetified-firebase-iid-17.0.3/jars/classes.jar!/" />
      <root url="file://$USER_HOME$/Desktop/gradle-7.2/caches/transforms-2/files-2.1/1a04cca3b06304a67c9eb21caa40df52/jetified-firebase-iid-17.0.3/res" />
      <root url="file://$USER_HOME$/Desktop/gradle-7.2/caches/transforms-2/files-2.1/1a04cca3b06304a67c9eb21caa40df52/jetified-firebase-iid-17.0.3/AndroidManifest.xml" />
    </CLASSES>
    <JAVADOC>
      <root url="jar://$USER_HOME$/Desktop/gradle-7.2/caches/modules-2/files-2.1/com.google.firebase/firebase-iid/17.0.3/f75ec044e44b868f2a037e753b0287889e224837/firebase-iid-17.0.3-javadoc.jar!/" />
    </JAVADOC>
    <SOURCES />
  </library>
</component>