<component name="libraryTable">
  <library name="Gradle: androidx.appcompat:appcompat-resources:1.3.0@aar">
    <CLASSES>
      <root url="jar://$USER_HOME$/Desktop/gradle-7.2/caches/transforms-2/files-2.1/982649818c2835cc90cacbe52a653898/jetified-appcompat-resources-1.3.0/jars/classes.jar!/" />
      <root url="file://$USER_HOME$/Desktop/gradle-7.2/caches/transforms-2/files-2.1/982649818c2835cc90cacbe52a653898/jetified-appcompat-resources-1.3.0/res" />
      <root url="file://$USER_HOME$/Desktop/gradle-7.2/caches/transforms-2/files-2.1/982649818c2835cc90cacbe52a653898/jetified-appcompat-resources-1.3.0/AndroidManifest.xml" />
    </CLASSES>
    <JAVADOC />
    <SOURCES>
      <root url="jar://$USER_HOME$/Desktop/gradle-7.2/caches/modules-2/files-2.1/androidx.appcompat/appcompat-resources/1.3.0/fa1169a9b404f7e905756330af6d13e27dcee50e/appcompat-resources-1.3.0-sources.jar!/" />
    </SOURCES>
  </library>
</component>