<component name="libraryTable">
  <library name="Gradle: io.card:android-sdk:5.5.1@aar">
    <CLASSES>
      <root url="jar://$USER_HOME$/Desktop/gradle-7.2/caches/transforms-2/files-2.1/70032df827625e738dc8a2a0288a9afc/jetified-android-sdk-5.5.1/jars/classes.jar!/" />
      <root url="file://$USER_HOME$/Desktop/gradle-7.2/caches/transforms-2/files-2.1/70032df827625e738dc8a2a0288a9afc/jetified-android-sdk-5.5.1/res" />
      <root url="file://$USER_HOME$/Desktop/gradle-7.2/caches/transforms-2/files-2.1/70032df827625e738dc8a2a0288a9afc/jetified-android-sdk-5.5.1/AndroidManifest.xml" />
    </CLASSES>
    <JAVADOC>
      <root url="jar://$USER_HOME$/Desktop/gradle-7.2/caches/modules-2/files-2.1/io.card/android-sdk/5.5.1/36b64abd31ed163886c93b1c86e31038e82b265b/android-sdk-5.5.1-javadoc.jar!/" />
    </JAVADOC>
    <SOURCES>
      <root url="jar://$USER_HOME$/Desktop/gradle-7.2/caches/modules-2/files-2.1/io.card/android-sdk/5.5.1/465a90c304124088e868b4e24fae629ce5907736/android-sdk-5.5.1-sources.jar!/" />
    </SOURCES>
  </library>
</component>