<component name="libraryTable">
  <library name="Gradle: androidx.exifinterface:exifinterface:1.0.0@aar">
    <ANNOTATIONS>
      <root url="jar://$USER_HOME$/Desktop/gradle-7.2/caches/transforms-2/files-2.1/c712aba73e6775ef9f264dd6fba07264/exifinterface-1.0.0/annotations.zip!/" />
    </ANNOTATIONS>
    <CLASSES>
      <root url="jar://$USER_HOME$/Desktop/gradle-7.2/caches/transforms-2/files-2.1/c712aba73e6775ef9f264dd6fba07264/exifinterface-1.0.0/jars/classes.jar!/" />
      <root url="file://$USER_HOME$/Desktop/gradle-7.2/caches/transforms-2/files-2.1/c712aba73e6775ef9f264dd6fba07264/exifinterface-1.0.0/res" />
      <root url="file://$USER_HOME$/Desktop/gradle-7.2/caches/transforms-2/files-2.1/c712aba73e6775ef9f264dd6fba07264/exifinterface-1.0.0/AndroidManifest.xml" />
    </CLASSES>
    <JAVADOC />
    <SOURCES>
      <root url="jar://$USER_HOME$/Desktop/gradle-7.2/caches/modules-2/files-2.1/androidx.exifinterface/exifinterface/1.0.0/cb592500decea684137bd17587a92eee4e2568e/exifinterface-1.0.0-sources.jar!/" />
    </SOURCES>
  </library>
</component>