<component name="libraryTable">
  <library name="Gradle: androidx.legacy:legacy-support-v4:1.0.0@aar">
    <CLASSES>
      <root url="jar://$USER_HOME$/Desktop/gradle-7.2/caches/transforms-2/files-2.1/1df8e2dcad7b492d7befca4917db164e/legacy-support-v4-1.0.0/jars/classes.jar!/" />
      <root url="file://$USER_HOME$/Desktop/gradle-7.2/caches/transforms-2/files-2.1/1df8e2dcad7b492d7befca4917db164e/legacy-support-v4-1.0.0/res" />
      <root url="file://$USER_HOME$/Desktop/gradle-7.2/caches/transforms-2/files-2.1/1df8e2dcad7b492d7befca4917db164e/legacy-support-v4-1.0.0/AndroidManifest.xml" />
    </CLASSES>
    <JAVADOC />
    <SOURCES>
      <root url="jar://$USER_HOME$/Desktop/gradle-7.2/caches/modules-2/files-2.1/androidx.legacy/legacy-support-v4/1.0.0/5b8f86fea035328fc9e8c660773037a3401ce25f/legacy-support-v4-1.0.0-sources.jar!/" />
    </SOURCES>
  </library>
</component>