<component name="libraryTable">
  <library name="Gradle: com.google.firebase:firebase-messaging:17.3.4@aar">
    <CLASSES>
      <root url="jar://$USER_HOME$/Desktop/gradle-7.2/caches/transforms-2/files-2.1/1db238a5e2b22fb0a1aab9a15f66ed78/jetified-firebase-messaging-17.3.4/jars/classes.jar!/" />
      <root url="file://$USER_HOME$/Desktop/gradle-7.2/caches/transforms-2/files-2.1/1db238a5e2b22fb0a1aab9a15f66ed78/jetified-firebase-messaging-17.3.4/res" />
      <root url="file://$USER_HOME$/Desktop/gradle-7.2/caches/transforms-2/files-2.1/1db238a5e2b22fb0a1aab9a15f66ed78/jetified-firebase-messaging-17.3.4/AndroidManifest.xml" />
      <root url="file://$USER_HOME$/Desktop/gradle-7.2/caches/transforms-2/files-2.1/6d53913f4205666b9a790cbaa76f0738/jetified-firebase-messaging-17.3.4/res" />
      <root url="jar://$USER_HOME$/Desktop/gradle-7.2/caches/transforms-2/files-2.1/6d53913f4205666b9a790cbaa76f0738/jetified-firebase-messaging-17.3.4/jars/classes.jar!/" />
      <root url="file://$USER_HOME$/Desktop/gradle-7.2/caches/transforms-2/files-2.1/6d53913f4205666b9a790cbaa76f0738/jetified-firebase-messaging-17.3.4/AndroidManifest.xml" />
    </CLASSES>
    <JAVADOC>
      <root url="jar://$USER_HOME$/Desktop/gradle-7.2/caches/modules-2/files-2.1/com.google.firebase/firebase-messaging/17.3.4/5a0ecbcab24f4136e8ae8a99f2fd80a3a05a4a68/firebase-messaging-17.3.4-javadoc.jar!/" />
    </JAVADOC>
    <SOURCES />
  </library>
</component>