<component name="libraryTable">
  <library name="Gradle: com.github.scottyab:showhidepasswordedittext:0.8@aar">
    <CLASSES>
      <root url="jar://$USER_HOME$/Desktop/gradle-7.2/caches/transforms-2/files-2.1/7f3f8920a90fae6b8883dddded94f9bc/jetified-showhidepasswordedittext-0.8/jars/classes.jar!/" />
      <root url="file://$USER_HOME$/Desktop/gradle-7.2/caches/transforms-2/files-2.1/7f3f8920a90fae6b8883dddded94f9bc/jetified-showhidepasswordedittext-0.8/res" />
      <root url="file://$USER_HOME$/Desktop/gradle-7.2/caches/transforms-2/files-2.1/7f3f8920a90fae6b8883dddded94f9bc/jetified-showhidepasswordedittext-0.8/AndroidManifest.xml" />
    </CLASSES>
    <JAVADOC />
    <SOURCES>
      <root url="jar://$USER_HOME$/Desktop/gradle-7.2/caches/modules-2/files-2.1/com.github.scottyab/showhidepasswordedittext/0.8/13e41f005589635a3c3bdb26fc2cd0c4ad6544fa/showhidepasswordedittext-0.8-sources.jar!/" />
    </SOURCES>
  </library>
</component>