<component name="libraryTable">
  <library name="Gradle: com.google.android.gms:play-services-location:18.0.0@aar">
    <CLASSES>
      <root url="jar://$USER_HOME$/Desktop/gradle-7.2/caches/transforms-2/files-2.1/ac66853a91e6a54890686bd4879d12cf/jetified-play-services-location-18.0.0/jars/classes.jar!/" />
      <root url="file://$USER_HOME$/Desktop/gradle-7.2/caches/transforms-2/files-2.1/ac66853a91e6a54890686bd4879d12cf/jetified-play-services-location-18.0.0/res" />
      <root url="file://$USER_HOME$/Desktop/gradle-7.2/caches/transforms-2/files-2.1/ac66853a91e6a54890686bd4879d12cf/jetified-play-services-location-18.0.0/AndroidManifest.xml" />
    </CLASSES>
    <JAVADOC>
      <root url="jar://$USER_HOME$/Desktop/gradle-7.2/caches/modules-2/files-2.1/com.google.android.gms/play-services-location/18.0.0/21c0fe95fc8d679c87e65c85129c1191a8ca8625/play-services-location-18.0.0-javadoc.jar!/" />
    </JAVADOC>
    <SOURCES />
  </library>
</component>