<component name="libraryTable">
  <library name="Gradle: com.google.android.libraries.places:places:2.4.0@aar">
    <CLASSES>
      <root url="jar://$USER_HOME$/Desktop/gradle-7.2/caches/transforms-2/files-2.1/eecb4f1cfd91d42079361116837443f0/jetified-places-2.4.0/jars/classes.jar!/" />
      <root url="file://$USER_HOME$/Desktop/gradle-7.2/caches/transforms-2/files-2.1/eecb4f1cfd91d42079361116837443f0/jetified-places-2.4.0/res" />
      <root url="file://$USER_HOME$/Desktop/gradle-7.2/caches/transforms-2/files-2.1/eecb4f1cfd91d42079361116837443f0/jetified-places-2.4.0/AndroidManifest.xml" />
    </CLASSES>
    <JAVADOC>
      <root url="jar://$USER_HOME$/Desktop/gradle-7.2/caches/modules-2/files-2.1/com.google.android.libraries.places/places/2.4.0/5ed6dd1c8202b5c622548077d727cf02512ccae7/places-2.4.0-javadoc.jar!/" />
    </JAVADOC>
    <SOURCES />
  </library>
</component>