<component name="libraryTable">
  <library name="Gradle: com.google.android.gms:play-services-stats:17.0.0@aar">
    <CLASSES>
      <root url="jar://$USER_HOME$/Desktop/gradle-7.2/caches/transforms-2/files-2.1/8c3fba9abf00f1d5f6abfa7915cf5e32/jetified-play-services-stats-17.0.0/jars/classes.jar!/" />
      <root url="file://$USER_HOME$/Desktop/gradle-7.2/caches/transforms-2/files-2.1/8c3fba9abf00f1d5f6abfa7915cf5e32/jetified-play-services-stats-17.0.0/res" />
      <root url="file://$USER_HOME$/Desktop/gradle-7.2/caches/transforms-2/files-2.1/8c3fba9abf00f1d5f6abfa7915cf5e32/jetified-play-services-stats-17.0.0/AndroidManifest.xml" />
    </CLASSES>
    <JAVADOC />
    <SOURCES />
  </library>
</component>