<component name="libraryTable">
  <library name="Gradle: com.squareup.okhttp3:okhttp:3.14.9">
    <CLASSES>
      <root url="jar://$USER_HOME$/Desktop/gradle-7.2/caches/modules-2/files-2.1/com.squareup.okhttp3/okhttp/3.14.9/3e6d101343c7ea687cd593e4990f73b25c878383/okhttp-3.14.9.jar!/" />
    </CLASSES>
    <JAVADOC>
      <root url="jar://$USER_HOME$/Desktop/gradle-7.2/caches/modules-2/files-2.1/com.squareup.okhttp3/okhttp/3.14.9/b1818d3d87c70e43c103d125a7555965b2bcb98d/okhttp-3.14.9-javadoc.jar!/" />
    </JAVADOC>
    <SOURCES>
      <root url="jar://$USER_HOME$/Desktop/gradle-7.2/caches/modules-2/files-2.1/com.squareup.okhttp3/okhttp/3.14.9/5ad877a6749b53b7b177e7b328ebf59ce06b75af/okhttp-3.14.9-sources.jar!/" />
    </SOURCES>
  </library>
</component>