<component name="libraryTable">
  <library name="Gradle: androidx.dynamicanimation:dynamicanimation:1.0.0@aar">
    <CLASSES>
      <root url="jar://$USER_HOME$/Desktop/gradle-7.2/caches/transforms-2/files-2.1/abf8c5c3ae5d891e2269cd4f21bf5019/dynamicanimation-1.0.0/jars/classes.jar!/" />
      <root url="file://$USER_HOME$/Desktop/gradle-7.2/caches/transforms-2/files-2.1/abf8c5c3ae5d891e2269cd4f21bf5019/dynamicanimation-1.0.0/res" />
      <root url="file://$USER_HOME$/Desktop/gradle-7.2/caches/transforms-2/files-2.1/abf8c5c3ae5d891e2269cd4f21bf5019/dynamicanimation-1.0.0/AndroidManifest.xml" />
    </CLASSES>
    <JAVADOC />
    <SOURCES>
      <root url="jar://$USER_HOME$/Desktop/gradle-7.2/caches/modules-2/files-2.1/androidx.dynamicanimation/dynamicanimation/1.0.0/5c050e29af5033ff5e2d58ccf657ae92fdfbda4a/dynamicanimation-1.0.0-sources.jar!/" />
    </SOURCES>
  </library>
</component>