<component name="libraryTable">
  <library name="Gradle: androidx.loader:loader:1.0.0@aar">
    <CLASSES>
      <root url="jar://$USER_HOME$/Desktop/gradle-7.2/caches/transforms-2/files-2.1/8f62010e206c03832ab099b742ef2333/loader-1.0.0/jars/classes.jar!/" />
      <root url="file://$USER_HOME$/Desktop/gradle-7.2/caches/transforms-2/files-2.1/8f62010e206c03832ab099b742ef2333/loader-1.0.0/res" />
      <root url="file://$USER_HOME$/Desktop/gradle-7.2/caches/transforms-2/files-2.1/8f62010e206c03832ab099b742ef2333/loader-1.0.0/AndroidManifest.xml" />
    </CLASSES>
    <JAVADOC />
    <SOURCES>
      <root url="jar://$USER_HOME$/Desktop/gradle-7.2/caches/modules-2/files-2.1/androidx.loader/loader/1.0.0/b9ef587f3e46c7fe5b00264989764e43ff45cada/loader-1.0.0-sources.jar!/" />
    </SOURCES>
  </library>
</component>