<component name="libraryTable">
  <library name="Gradle: org.reactivestreams:reactive-streams:1.0.2">
    <CLASSES>
      <root url="jar://$USER_HOME$/Desktop/gradle-7.2/caches/modules-2/files-2.1/org.reactivestreams/reactive-streams/1.0.2/323964c36556eb0e6209f65c1cef72b53b461ab8/reactive-streams-1.0.2.jar!/" />
    </CLASSES>
    <JAVADOC>
      <root url="jar://$USER_HOME$/Desktop/gradle-7.2/caches/modules-2/files-2.1/org.reactivestreams/reactive-streams/1.0.2/d33cbe63ae492cde692c59b0fded80c944590c39/reactive-streams-1.0.2-javadoc.jar!/" />
    </JAVADOC>
    <SOURCES>
      <root url="jar://$USER_HOME$/Desktop/gradle-7.2/caches/modules-2/files-2.1/org.reactivestreams/reactive-streams/1.0.2/fb592a3d57b11e71eb7a6211dd12ba824c5dd037/reactive-streams-1.0.2-sources.jar!/" />
    </SOURCES>
  </library>
</component>