<component name="libraryTable">
  <library name="Gradle: com.parse.bolts:bolts-tasks:1.4.0">
    <CLASSES>
      <root url="jar://$USER_HOME$/Desktop/gradle-7.2/caches/modules-2/files-2.1/com.parse.bolts/bolts-tasks/1.4.0/d85884acf6810a3bbbecb587f239005cbc846dc4/bolts-tasks-1.4.0.jar!/" />
    </CLASSES>
    <JAVADOC>
      <root url="jar://$USER_HOME$/Desktop/gradle-7.2/caches/modules-2/files-2.1/com.parse.bolts/bolts-tasks/1.4.0/eb77c6df1225a4160b636010e791ed9738bae4da/bolts-tasks-1.4.0-javadoc.jar!/" />
    </JAVADOC>
    <SOURCES>
      <root url="jar://$USER_HOME$/Desktop/gradle-7.2/caches/modules-2/files-2.1/com.parse.bolts/bolts-tasks/1.4.0/a523a9722ec97e8fc4f015dd50c98cdda8029ba4/bolts-tasks-1.4.0-sources.jar!/" />
    </SOURCES>
  </library>
</component>