<component name="libraryTable">
  <library name="Gradle: com.firebase:geofire-android:3.0.0@aar">
    <CLASSES>
      <root url="jar://$USER_HOME$/Desktop/gradle-7.2/caches/transforms-2/files-2.1/8d7ff557fa6a38229d23f1a0d5212b2d/jetified-geofire-android-3.0.0/jars/classes.jar!/" />
      <root url="file://$USER_HOME$/Desktop/gradle-7.2/caches/transforms-2/files-2.1/8d7ff557fa6a38229d23f1a0d5212b2d/jetified-geofire-android-3.0.0/res" />
      <root url="file://$USER_HOME$/Desktop/gradle-7.2/caches/transforms-2/files-2.1/8d7ff557fa6a38229d23f1a0d5212b2d/jetified-geofire-android-3.0.0/AndroidManifest.xml" />
    </CLASSES>
    <JAVADOC>
      <root url="jar://$USER_HOME$/Desktop/gradle-7.2/caches/modules-2/files-2.1/com.firebase/geofire-android/3.0.0/284662bb7b1f8f9c4187eaf7a3f8d426f53d4534/geofire-android-3.0.0-javadoc.jar!/" />
    </JAVADOC>
    <SOURCES>
      <root url="jar://$USER_HOME$/Desktop/gradle-7.2/caches/modules-2/files-2.1/com.firebase/geofire-android/3.0.0/e4c99380ff83a69b0478dc57c99ce92a3b1fd4cc/geofire-android-3.0.0-sources.jar!/" />
    </SOURCES>
  </library>
</component>