<component name="libraryTable">
  <library name="Gradle: com.google.android.gms:play-services-iid:17.0.0@aar">
    <CLASSES>
      <root url="jar://$USER_HOME$/Desktop/gradle-7.2/caches/transforms-2/files-2.1/2d4990769e6f7ad9b4288268015d8cfc/jetified-play-services-iid-17.0.0/jars/classes.jar!/" />
      <root url="file://$USER_HOME$/Desktop/gradle-7.2/caches/transforms-2/files-2.1/2d4990769e6f7ad9b4288268015d8cfc/jetified-play-services-iid-17.0.0/res" />
      <root url="file://$USER_HOME$/Desktop/gradle-7.2/caches/transforms-2/files-2.1/2d4990769e6f7ad9b4288268015d8cfc/jetified-play-services-iid-17.0.0/AndroidManifest.xml" />
    </CLASSES>
    <JAVADOC>
      <root url="jar://$USER_HOME$/Desktop/gradle-7.2/caches/modules-2/files-2.1/com.google.android.gms/play-services-iid/17.0.0/96450db4099dd9555088dcb09faf6d355f8c7a98/play-services-iid-17.0.0-javadoc.jar!/" />
    </JAVADOC>
    <SOURCES />
  </library>
</component>