<component name="libraryTable">
  <library name="Gradle: androidx.lifecycle:lifecycle-common:2.3.1">
    <CLASSES>
      <root url="jar://$USER_HOME$/Desktop/gradle-7.2/caches/modules-2/files-2.1/androidx.lifecycle/lifecycle-common/2.3.1/fc466261d52f4433863642fb40d12441ae274a98/lifecycle-common-2.3.1.jar!/" />
    </CLASSES>
    <JAVADOC />
    <SOURCES>
      <root url="jar://$USER_HOME$/Desktop/gradle-7.2/caches/modules-2/files-2.1/androidx.lifecycle/lifecycle-common/2.3.1/36a4f870521a07778cf045be0274793c6298ec6/lifecycle-common-2.3.1-sources.jar!/" />
    </SOURCES>
  </library>
</component>