<component name="libraryTable">
  <library name="Gradle: com.github.addisonElliott:RippleDrawable:3.0.0@aar">
    <CLASSES>
      <root url="jar://$USER_HOME$/Desktop/gradle-7.2/caches/transforms-2/files-2.1/253ffe7c6ba29558ce77093e826fefa1/jetified-RippleDrawable-3.0.0/jars/classes.jar!/" />
      <root url="file://$USER_HOME$/Desktop/gradle-7.2/caches/transforms-2/files-2.1/253ffe7c6ba29558ce77093e826fefa1/jetified-RippleDrawable-3.0.0/res" />
      <root url="file://$USER_HOME$/Desktop/gradle-7.2/caches/transforms-2/files-2.1/253ffe7c6ba29558ce77093e826fefa1/jetified-RippleDrawable-3.0.0/AndroidManifest.xml" />
    </CLASSES>
    <JAVADOC />
    <SOURCES>
      <root url="jar://$USER_HOME$/Desktop/gradle-7.2/caches/modules-2/files-2.1/com.github.addisonelliott/RippleDrawable/3.0.0/15fb87e400619c0a020f280c04563d8ca811e9c2/RippleDrawable-3.0.0-sources.jar!/" />
    </SOURCES>
  </library>
</component>