<component name="libraryTable">
  <library name="Gradle: com.google.firebase:firebase-iid-interop:16.0.1@aar">
    <CLASSES>
      <root url="jar://$USER_HOME$/Desktop/gradle-7.2/caches/transforms-2/files-2.1/7182114649caf83c7ab0d84a40519992/jetified-firebase-iid-interop-16.0.1/jars/classes.jar!/" />
      <root url="file://$USER_HOME$/Desktop/gradle-7.2/caches/transforms-2/files-2.1/7182114649caf83c7ab0d84a40519992/jetified-firebase-iid-interop-16.0.1/res" />
      <root url="file://$USER_HOME$/Desktop/gradle-7.2/caches/transforms-2/files-2.1/7182114649caf83c7ab0d84a40519992/jetified-firebase-iid-interop-16.0.1/AndroidManifest.xml" />
    </CLASSES>
    <JAVADOC />
    <SOURCES />
  </library>
</component>