<component name="libraryTable">
  <library name="Gradle: androidx.swiperefreshlayout:swiperefreshlayout:1.0.0@aar">
    <ANNOTATIONS>
      <root url="jar://$USER_HOME$/Desktop/gradle-7.2/caches/transforms-2/files-2.1/336bc7ad97faae83379e8592bbf0d3a1/swiperefreshlayout-1.0.0/annotations.zip!/" />
    </ANNOTATIONS>
    <CLASSES>
      <root url="jar://$USER_HOME$/Desktop/gradle-7.2/caches/transforms-2/files-2.1/336bc7ad97faae83379e8592bbf0d3a1/swiperefreshlayout-1.0.0/jars/classes.jar!/" />
      <root url="file://$USER_HOME$/Desktop/gradle-7.2/caches/transforms-2/files-2.1/336bc7ad97faae83379e8592bbf0d3a1/swiperefreshlayout-1.0.0/res" />
      <root url="file://$USER_HOME$/Desktop/gradle-7.2/caches/transforms-2/files-2.1/336bc7ad97faae83379e8592bbf0d3a1/swiperefreshlayout-1.0.0/AndroidManifest.xml" />
    </CLASSES>
    <JAVADOC />
    <SOURCES>
      <root url="jar://$USER_HOME$/Desktop/gradle-7.2/caches/modules-2/files-2.1/androidx.swiperefreshlayout/swiperefreshlayout/1.0.0/ab92d86c004eb1d48e45f311b02ca53d6c86b607/swiperefreshlayout-1.0.0-sources.jar!/" />
    </SOURCES>
  </library>
</component>