<component name="libraryTable">
  <library name="Gradle: androidx.legacy:legacy-support-core-ui:1.0.0@aar">
    <CLASSES>
      <root url="jar://$USER_HOME$/Desktop/gradle-7.2/caches/transforms-2/files-2.1/798aa44f605a8ebdcebedfeb52846fd9/legacy-support-core-ui-1.0.0/jars/classes.jar!/" />
      <root url="file://$USER_HOME$/Desktop/gradle-7.2/caches/transforms-2/files-2.1/798aa44f605a8ebdcebedfeb52846fd9/legacy-support-core-ui-1.0.0/res" />
      <root url="file://$USER_HOME$/Desktop/gradle-7.2/caches/transforms-2/files-2.1/798aa44f605a8ebdcebedfeb52846fd9/legacy-support-core-ui-1.0.0/AndroidManifest.xml" />
    </CLASSES>
    <JAVADOC />
    <SOURCES>
      <root url="jar://$USER_HOME$/Desktop/gradle-7.2/caches/modules-2/files-2.1/androidx.legacy/legacy-support-core-ui/1.0.0/f6044eaebe354c778f1f147ddb9e92a3f1e22fc7/legacy-support-core-ui-1.0.0-sources.jar!/" />
    </SOURCES>
  </library>
</component>