<component name="libraryTable">
  <library name="Gradle: androidx.slidingpanelayout:slidingpanelayout:1.0.0@aar">
    <CLASSES>
      <root url="jar://$USER_HOME$/Desktop/gradle-7.2/caches/transforms-2/files-2.1/26a8cbf721562d3e556438140f90fbad/slidingpanelayout-1.0.0/jars/classes.jar!/" />
      <root url="file://$USER_HOME$/Desktop/gradle-7.2/caches/transforms-2/files-2.1/26a8cbf721562d3e556438140f90fbad/slidingpanelayout-1.0.0/res" />
      <root url="file://$USER_HOME$/Desktop/gradle-7.2/caches/transforms-2/files-2.1/26a8cbf721562d3e556438140f90fbad/slidingpanelayout-1.0.0/AndroidManifest.xml" />
    </CLASSES>
    <JAVADOC />
    <SOURCES>
      <root url="jar://$USER_HOME$/Desktop/gradle-7.2/caches/modules-2/files-2.1/androidx.slidingpanelayout/slidingpanelayout/1.0.0/f3f2e4fded24d5969a86e1974ad7e96975d970a0/slidingpanelayout-1.0.0-sources.jar!/" />
    </SOURCES>
  </library>
</component>