<component name="libraryTable">
  <library name="Gradle: com.yuyakaido.android:card-stack-view:2.3.4@aar">
    <CLASSES>
      <root url="jar://$USER_HOME$/Desktop/gradle-7.2/caches/transforms-2/files-2.1/63e626dd2345bd2c1aa6b2bd84540b94/jetified-card-stack-view-2.3.4/jars/classes.jar!/" />
      <root url="file://$USER_HOME$/Desktop/gradle-7.2/caches/transforms-2/files-2.1/63e626dd2345bd2c1aa6b2bd84540b94/jetified-card-stack-view-2.3.4/res" />
      <root url="file://$USER_HOME$/Desktop/gradle-7.2/caches/transforms-2/files-2.1/63e626dd2345bd2c1aa6b2bd84540b94/jetified-card-stack-view-2.3.4/AndroidManifest.xml" />
    </CLASSES>
    <JAVADOC>
      <root url="jar://$USER_HOME$/Desktop/gradle-7.2/caches/modules-2/files-2.1/com.yuyakaido.android/card-stack-view/2.3.4/90814797968c9160098b3ceb1e1dfe1ece3968d1/card-stack-view-2.3.4-javadoc.jar!/" />
    </JAVADOC>
    <SOURCES>
      <root url="jar://$USER_HOME$/Desktop/gradle-7.2/caches/modules-2/files-2.1/com.yuyakaido.android/card-stack-view/2.3.4/f71a9612bf45eefafc10121422f8c3f919c460bf/card-stack-view-2.3.4-sources.jar!/" />
    </SOURCES>
  </library>
</component>