<component name="libraryTable">
  <library name="Gradle: androidx.lifecycle:lifecycle-viewmodel-savedstate:2.3.1@aar">
    <CLASSES>
      <root url="jar://$USER_HOME$/Desktop/gradle-7.2/caches/transforms-2/files-2.1/4e5ed412559ddf05e429a186642168dc/jetified-lifecycle-viewmodel-savedstate-2.3.1/jars/classes.jar!/" />
      <root url="file://$USER_HOME$/Desktop/gradle-7.2/caches/transforms-2/files-2.1/4e5ed412559ddf05e429a186642168dc/jetified-lifecycle-viewmodel-savedstate-2.3.1/res" />
      <root url="file://$USER_HOME$/Desktop/gradle-7.2/caches/transforms-2/files-2.1/4e5ed412559ddf05e429a186642168dc/jetified-lifecycle-viewmodel-savedstate-2.3.1/AndroidManifest.xml" />
    </CLASSES>
    <JAVADOC />
    <SOURCES>
      <root url="jar://$USER_HOME$/Desktop/gradle-7.2/caches/modules-2/files-2.1/androidx.lifecycle/lifecycle-viewmodel-savedstate/2.3.1/411f92301435123d502de27b6f3262c062f3bd7a/lifecycle-viewmodel-savedstate-2.3.1-sources.jar!/" />
    </SOURCES>
  </library>
</component>