<component name="libraryTable">
  <library name="Gradle: androidx.drawerlayout:drawerlayout:1.0.0@aar">
    <ANNOTATIONS>
      <root url="jar://$USER_HOME$/Desktop/gradle-7.2/caches/transforms-2/files-2.1/e5a1a9eb78822a20f522a5ed7c4bdb81/drawerlayout-1.0.0/annotations.zip!/" />
    </ANNOTATIONS>
    <CLASSES>
      <root url="jar://$USER_HOME$/Desktop/gradle-7.2/caches/transforms-2/files-2.1/e5a1a9eb78822a20f522a5ed7c4bdb81/drawerlayout-1.0.0/jars/classes.jar!/" />
      <root url="file://$USER_HOME$/Desktop/gradle-7.2/caches/transforms-2/files-2.1/e5a1a9eb78822a20f522a5ed7c4bdb81/drawerlayout-1.0.0/res" />
      <root url="file://$USER_HOME$/Desktop/gradle-7.2/caches/transforms-2/files-2.1/e5a1a9eb78822a20f522a5ed7c4bdb81/drawerlayout-1.0.0/AndroidManifest.xml" />
    </CLASSES>
    <JAVADOC />
    <SOURCES>
      <root url="jar://$USER_HOME$/Desktop/gradle-7.2/caches/modules-2/files-2.1/androidx.drawerlayout/drawerlayout/1.0.0/9ecd4ecb7da215ba4c5c3e00bf8d290dad6f2bc5/drawerlayout-1.0.0-sources.jar!/" />
    </SOURCES>
  </library>
</component>