<component name="libraryTable">
  <library name="Gradle: org.jetbrains.kotlin:kotlin-stdlib-jdk7:1.4.20">
    <CLASSES>
      <root url="jar://$USER_HOME$/Desktop/gradle-7.2/caches/modules-2/files-2.1/org.jetbrains.kotlin/kotlin-stdlib-jdk7/1.4.20/9de2c79e95d4b4699a455e88ba285a95352e0bea/kotlin-stdlib-jdk7-1.4.20.jar!/" />
    </CLASSES>
    <JAVADOC>
      <root url="jar://$USER_HOME$/Desktop/gradle-7.2/caches/modules-2/files-2.1/org.jetbrains.kotlin/kotlin-stdlib-jdk7/1.4.20/5b8f86fea035328fc9e8c660773037a3401ce25f/kotlin-stdlib-jdk7-1.4.20-javadoc.jar!/" />
    </JAVADOC>
    <SOURCES>
      <root url="jar://$USER_HOME$/Desktop/gradle-7.2/caches/modules-2/files-2.1/org.jetbrains.kotlin/kotlin-stdlib-jdk7/1.4.20/5b8bd3496f34e36f787d5f7081161560eb710bbd/kotlin-stdlib-jdk7-1.4.20-sources.jar!/" />
    </SOURCES>
  </library>
</component>