<component name="libraryTable">
  <library name="Gradle: com.google.android.gms:play-services-places-placereport:17.0.0@aar">
    <CLASSES>
      <root url="jar://$USER_HOME$/Desktop/gradle-7.2/caches/transforms-2/files-2.1/0dc243971523fcef0e33f9502b96815c/jetified-play-services-places-placereport-17.0.0/jars/classes.jar!/" />
      <root url="file://$USER_HOME$/Desktop/gradle-7.2/caches/transforms-2/files-2.1/0dc243971523fcef0e33f9502b96815c/jetified-play-services-places-placereport-17.0.0/res" />
      <root url="file://$USER_HOME$/Desktop/gradle-7.2/caches/transforms-2/files-2.1/0dc243971523fcef0e33f9502b96815c/jetified-play-services-places-placereport-17.0.0/AndroidManifest.xml" />
    </CLASSES>
    <JAVADOC />
    <SOURCES />
  </library>
</component>