<component name="libraryTable">
  <library name="Gradle: androidx.lifecycle:lifecycle-service:2.1.0@aar">
    <CLASSES>
      <root url="jar://$USER_HOME$/Desktop/gradle-7.2/caches/transforms-2/files-2.1/053dd450b5ac4bfa34cf98efdd795db8/jetified-lifecycle-service-2.1.0/jars/classes.jar!/" />
      <root url="file://$USER_HOME$/Desktop/gradle-7.2/caches/transforms-2/files-2.1/053dd450b5ac4bfa34cf98efdd795db8/jetified-lifecycle-service-2.1.0/res" />
      <root url="file://$USER_HOME$/Desktop/gradle-7.2/caches/transforms-2/files-2.1/053dd450b5ac4bfa34cf98efdd795db8/jetified-lifecycle-service-2.1.0/AndroidManifest.xml" />
    </CLASSES>
    <JAVADOC />
    <SOURCES>
      <root url="jar://$USER_HOME$/Desktop/gradle-7.2/caches/modules-2/files-2.1/androidx.lifecycle/lifecycle-service/2.1.0/8fea0db3aaed284d86f63be3977c01b156585cb2/lifecycle-service-2.1.0-sources.jar!/" />
    </SOURCES>
  </library>
</component>