<component name="libraryTable">
  <library name="Gradle: com.github.ybq:Android-SpinKit:1.4.0@aar">
    <CLASSES>
      <root url="jar://$USER_HOME$/Desktop/gradle-7.2/caches/transforms-2/files-2.1/a928f4bd58358f3c2a3644569111364a/jetified-Android-SpinKit-1.4.0/jars/classes.jar!/" />
      <root url="file://$USER_HOME$/Desktop/gradle-7.2/caches/transforms-2/files-2.1/a928f4bd58358f3c2a3644569111364a/jetified-Android-SpinKit-1.4.0/res" />
      <root url="file://$USER_HOME$/Desktop/gradle-7.2/caches/transforms-2/files-2.1/a928f4bd58358f3c2a3644569111364a/jetified-Android-SpinKit-1.4.0/AndroidManifest.xml" />
    </CLASSES>
    <JAVADOC>
      <root url="jar://$USER_HOME$/Desktop/gradle-7.2/caches/modules-2/files-2.1/com.github.ybq/Android-SpinKit/1.4.0/65342739d3408aec3f1249f21cffa52400ac3508/Android-SpinKit-1.4.0-javadoc.jar!/" />
    </JAVADOC>
    <SOURCES>
      <root url="jar://$USER_HOME$/Desktop/gradle-7.2/caches/modules-2/files-2.1/com.github.ybq/Android-SpinKit/1.4.0/f58852551150babe66d223b0c3107ecece8eff7f/Android-SpinKit-1.4.0-sources.jar!/" />
    </SOURCES>
  </library>
</component>