<component name="libraryTable">
  <library name="Gradle: com.parse.bolts:bolts-applinks:1.4.0">
    <CLASSES>
      <root url="jar://$USER_HOME$/Desktop/gradle-7.2/caches/modules-2/files-2.1/com.parse.bolts/bolts-applinks/1.4.0/8ad21bf21784dacce5f2043afb97218cc377e835/bolts-applinks-1.4.0.jar!/" />
    </CLASSES>
    <JAVADOC>
      <root url="jar://$USER_HOME$/Desktop/gradle-7.2/caches/modules-2/files-2.1/com.parse.bolts/bolts-applinks/1.4.0/d89257bc87380d28e24ea2103c711d3f79c0c9da/bolts-applinks-1.4.0-javadoc.jar!/" />
    </JAVADOC>
    <SOURCES>
      <root url="jar://$USER_HOME$/Desktop/gradle-7.2/caches/modules-2/files-2.1/com.parse.bolts/bolts-applinks/1.4.0/7b0b0d485f566cd1b70d7d4ea20bf3620af71c1c/bolts-applinks-1.4.0-sources.jar!/" />
    </SOURCES>
  </library>
</component>