<component name="libraryTable">
  <library name="Gradle: com.paypal.sdk:paypal-android-sdk:2.16.0@aar">
    <CLASSES>
      <root url="jar://$USER_HOME$/Desktop/gradle-7.2/caches/transforms-2/files-2.1/3393ed31edba9b9288957d439136bacb/jetified-paypal-android-sdk-2.16.0/jars/classes.jar!/" />
      <root url="file://$USER_HOME$/Desktop/gradle-7.2/caches/transforms-2/files-2.1/3393ed31edba9b9288957d439136bacb/jetified-paypal-android-sdk-2.16.0/res" />
      <root url="file://$USER_HOME$/Desktop/gradle-7.2/caches/transforms-2/files-2.1/3393ed31edba9b9288957d439136bacb/jetified-paypal-android-sdk-2.16.0/AndroidManifest.xml" />
    </CLASSES>
    <JAVADOC />
    <SOURCES />
  </library>
</component>