<component name="libraryTable">
  <library name="Gradle: com.ncorti:slidetoact:0.7.0@aar">
    <CLASSES>
      <root url="jar://$USER_HOME$/Desktop/gradle-7.2/caches/transforms-2/files-2.1/cb528a7b0f3f02853a513310966b4e07/jetified-slidetoact-0.7.0/jars/classes.jar!/" />
      <root url="file://$USER_HOME$/Desktop/gradle-7.2/caches/transforms-2/files-2.1/cb528a7b0f3f02853a513310966b4e07/jetified-slidetoact-0.7.0/res" />
      <root url="file://$USER_HOME$/Desktop/gradle-7.2/caches/transforms-2/files-2.1/cb528a7b0f3f02853a513310966b4e07/jetified-slidetoact-0.7.0/AndroidManifest.xml" />
    </CLASSES>
    <JAVADOC />
    <SOURCES>
      <root url="jar://$USER_HOME$/Desktop/gradle-7.2/caches/modules-2/files-2.1/com.ncorti/slidetoact/0.7.0/37e9c37eb80f826b0c8a3a9963dcdd365fa3e231/slidetoact-0.7.0-sources.jar!/" />
    </SOURCES>
  </library>
</component>