<component name="libraryTable">
  <library name="Gradle: org.jetbrains.kotlin:kotlin-stdlib-common:1.4.20" type="kotlin.common">
    <CLASSES>
      <root url="jar://$USER_HOME$/Desktop/gradle-7.2/caches/modules-2/files-2.1/org.jetbrains.kotlin/kotlin-stdlib-common/1.4.20/c6761d7805b5312302f2bbd78cda68c976ce0c70/kotlin-stdlib-common-1.4.20.jar!/" />
    </CLASSES>
    <JAVADOC>
      <root url="jar://$USER_HOME$/Desktop/gradle-7.2/caches/modules-2/files-2.1/org.jetbrains.kotlin/kotlin-stdlib-common/1.4.20/5b8f86fea035328fc9e8c660773037a3401ce25f/kotlin-stdlib-common-1.4.20-javadoc.jar!/" />
    </JAVADOC>
    <SOURCES>
      <root url="jar://$USER_HOME$/Desktop/gradle-7.2/caches/modules-2/files-2.1/org.jetbrains.kotlin/kotlin-stdlib-common/1.4.20/f43399bcb1a17566dd6a89937876b898b89ef4c0/kotlin-stdlib-common-1.4.20-sources.jar!/" />
    </SOURCES>
  </library>
</component>