<component name="libraryTable">
  <library name="Gradle: com.google.android.datatransport:transport-api:2.2.0@aar">
    <CLASSES>
      <root url="jar://$USER_HOME$/Desktop/gradle-7.2/caches/transforms-2/files-2.1/65b953f59638a59214c18398b74c9735/jetified-transport-api-2.2.0/jars/classes.jar!/" />
      <root url="file://$USER_HOME$/Desktop/gradle-7.2/caches/transforms-2/files-2.1/65b953f59638a59214c18398b74c9735/jetified-transport-api-2.2.0/res" />
      <root url="file://$USER_HOME$/Desktop/gradle-7.2/caches/transforms-2/files-2.1/65b953f59638a59214c18398b74c9735/jetified-transport-api-2.2.0/AndroidManifest.xml" />
    </CLASSES>
    <JAVADOC>
      <root url="jar://$USER_HOME$/Desktop/gradle-7.2/caches/modules-2/files-2.1/com.google.android.datatransport/transport-api/2.2.0/f3ef3a5b401818d979e05ca4fa1f0eb06e69eeb0/transport-api-2.2.0-javadoc.jar!/" />
    </JAVADOC>
    <SOURCES />
  </library>
</component>