<component name="libraryTable">
  <library name="Gradle: com.google.android.gms:play-services-places:17.0.0@aar">
    <CLASSES>
      <root url="jar://$USER_HOME$/Desktop/gradle-7.2/caches/transforms-2/files-2.1/ec08a5e3f6c2bb4cac2a95f2947ab7c0/jetified-play-services-places-17.0.0/jars/classes.jar!/" />
      <root url="file://$USER_HOME$/Desktop/gradle-7.2/caches/transforms-2/files-2.1/ec08a5e3f6c2bb4cac2a95f2947ab7c0/jetified-play-services-places-17.0.0/res" />
      <root url="file://$USER_HOME$/Desktop/gradle-7.2/caches/transforms-2/files-2.1/ec08a5e3f6c2bb4cac2a95f2947ab7c0/jetified-play-services-places-17.0.0/AndroidManifest.xml" />
    </CLASSES>
    <JAVADOC>
      <root url="jar://$USER_HOME$/Desktop/gradle-7.2/caches/modules-2/files-2.1/com.google.android.gms/play-services-places/17.0.0/5735e9e8b36fa88f762e24633371d3cb8e97ec04/play-services-places-17.0.0-javadoc.jar!/" />
    </JAVADOC>
    <SOURCES />
  </library>
</component>