<component name="libraryTable">
  <library name="Gradle: androidx.interpolator:interpolator:1.0.0@aar">
    <CLASSES>
      <root url="jar://$USER_HOME$/Desktop/gradle-7.2/caches/transforms-2/files-2.1/a8a2f556cc24c49752fb7c2e9b2a87f1/interpolator-1.0.0/jars/classes.jar!/" />
      <root url="file://$USER_HOME$/Desktop/gradle-7.2/caches/transforms-2/files-2.1/a8a2f556cc24c49752fb7c2e9b2a87f1/interpolator-1.0.0/res" />
      <root url="file://$USER_HOME$/Desktop/gradle-7.2/caches/transforms-2/files-2.1/a8a2f556cc24c49752fb7c2e9b2a87f1/interpolator-1.0.0/AndroidManifest.xml" />
    </CLASSES>
    <JAVADOC />
    <SOURCES>
      <root url="jar://$USER_HOME$/Desktop/gradle-7.2/caches/modules-2/files-2.1/androidx.interpolator/interpolator/1.0.0/fefd5e3cbc479b6b4a9532d05688a1e659e8d3d2/interpolator-1.0.0-sources.jar!/" />
    </SOURCES>
  </library>
</component>