<component name="libraryTable">
  <library name="Gradle: androidx.recyclerview:recyclerview:1.2.0@aar">
    <ANNOTATIONS>
      <root url="jar://$USER_HOME$/Desktop/gradle-7.2/caches/transforms-2/files-2.1/38f2c264dcc21c6070606dfe6a210172/recyclerview-1.2.0/annotations.zip!/" />
    </ANNOTATIONS>
    <CLASSES>
      <root url="jar://$USER_HOME$/Desktop/gradle-7.2/caches/transforms-2/files-2.1/38f2c264dcc21c6070606dfe6a210172/recyclerview-1.2.0/jars/classes.jar!/" />
      <root url="file://$USER_HOME$/Desktop/gradle-7.2/caches/transforms-2/files-2.1/38f2c264dcc21c6070606dfe6a210172/recyclerview-1.2.0/res" />
      <root url="file://$USER_HOME$/Desktop/gradle-7.2/caches/transforms-2/files-2.1/38f2c264dcc21c6070606dfe6a210172/recyclerview-1.2.0/AndroidManifest.xml" />
    </CLASSES>
    <JAVADOC />
    <SOURCES>
      <root url="jar://$USER_HOME$/Desktop/gradle-7.2/caches/modules-2/files-2.1/androidx.recyclerview/recyclerview/1.2.0/3e159bfab49c7e6495fe374e6e5e1e989ee21dcf/recyclerview-1.2.0-sources.jar!/" />
    </SOURCES>
  </library>
</component>