<component name="libraryTable">
  <library name="Gradle: com.squareup.retrofit2:retrofit:2.9.0">
    <CLASSES>
      <root url="jar://$USER_HOME$/Desktop/gradle-7.2/caches/modules-2/files-2.1/com.squareup.retrofit2/retrofit/2.9.0/d8fdfbd5da952141a665a403348b74538efc05ff/retrofit-2.9.0.jar!/" />
    </CLASSES>
    <JAVADOC>
      <root url="jar://$USER_HOME$/Desktop/gradle-7.2/caches/modules-2/files-2.1/com.squareup.retrofit2/retrofit/2.9.0/920d425bcf21e948cf071783e9a0badbfd880fac/retrofit-2.9.0-javadoc.jar!/" />
    </JAVADOC>
    <SOURCES>
      <root url="jar://$USER_HOME$/Desktop/gradle-7.2/caches/modules-2/files-2.1/com.squareup.retrofit2/retrofit/2.9.0/409e80ce46c84ef7e74b6934032a73b8421eebe5/retrofit-2.9.0-sources.jar!/" />
    </SOURCES>
  </library>
</component>