<component name="libraryTable">
  <library name="Gradle: androidx.cardview:cardview:1.0.0@aar">
    <CLASSES>
      <root url="jar://$USER_HOME$/Desktop/gradle-7.2/caches/transforms-2/files-2.1/485221f94ee1ae876dd7e15c8b2bc708/cardview-1.0.0/jars/classes.jar!/" />
      <root url="file://$USER_HOME$/Desktop/gradle-7.2/caches/transforms-2/files-2.1/485221f94ee1ae876dd7e15c8b2bc708/cardview-1.0.0/res" />
      <root url="file://$USER_HOME$/Desktop/gradle-7.2/caches/transforms-2/files-2.1/485221f94ee1ae876dd7e15c8b2bc708/cardview-1.0.0/AndroidManifest.xml" />
    </CLASSES>
    <JAVADOC />
    <SOURCES>
      <root url="jar://$USER_HOME$/Desktop/gradle-7.2/caches/modules-2/files-2.1/androidx.cardview/cardview/1.0.0/c9f3ce7ca74ad2c978230f4094ba6804c5166f9c/cardview-1.0.0-sources.jar!/" />
    </SOURCES>
  </library>
</component>