<component name="libraryTable">
  <library name="Gradle: com.google.android.gms:play-services-wallet:18.1.2@aar">
    <CLASSES>
      <root url="jar://$USER_HOME$/Desktop/gradle-7.2/caches/transforms-2/files-2.1/6f6d237333544424b8baf7652cfdb88d/jetified-play-services-wallet-18.1.2/jars/classes.jar!/" />
      <root url="file://$USER_HOME$/Desktop/gradle-7.2/caches/transforms-2/files-2.1/6f6d237333544424b8baf7652cfdb88d/jetified-play-services-wallet-18.1.2/res" />
      <root url="file://$USER_HOME$/Desktop/gradle-7.2/caches/transforms-2/files-2.1/6f6d237333544424b8baf7652cfdb88d/jetified-play-services-wallet-18.1.2/AndroidManifest.xml" />
    </CLASSES>
    <JAVADOC>
      <root url="jar://$USER_HOME$/Desktop/gradle-7.2/caches/modules-2/files-2.1/com.google.android.gms/play-services-wallet/18.1.2/fde6b0abb05688256e6153c361346e3e0bb0623f/play-services-wallet-18.1.2-javadoc.jar!/" />
    </JAVADOC>
    <SOURCES />
  </library>
</component>