<component name="libraryTable">
  <library name="Gradle: com.google.dagger:dagger:2.27">
    <CLASSES>
      <root url="jar://$USER_HOME$/Desktop/gradle-7.2/caches/modules-2/files-2.1/com.google.dagger/dagger/2.27/7bee2792b10523e298a7de508635c6eed0c309be/dagger-2.27.jar!/" />
    </CLASSES>
    <JAVADOC>
      <root url="jar://$USER_HOME$/Desktop/gradle-7.2/caches/modules-2/files-2.1/com.google.dagger/dagger/2.27/2edef3c857bfb145ae416401da5297d262d9b1ae/dagger-2.27-javadoc.jar!/" />
    </JAVADOC>
    <SOURCES>
      <root url="jar://$USER_HOME$/Desktop/gradle-7.2/caches/modules-2/files-2.1/com.google.dagger/dagger/2.27/a325dd366f838606298ddb85735883dfbdd7b6b8/dagger-2.27-sources.jar!/" />
    </SOURCES>
  </library>
</component>