<component name="libraryTable">
  <library name="Gradle: androidx.savedstate:savedstate:1.1.0@aar">
    <CLASSES>
      <root url="jar://$USER_HOME$/Desktop/gradle-7.2/caches/transforms-2/files-2.1/b61ae1b78d4e82c8adb5c2091e6e611e/jetified-savedstate-1.1.0/jars/classes.jar!/" />
      <root url="file://$USER_HOME$/Desktop/gradle-7.2/caches/transforms-2/files-2.1/b61ae1b78d4e82c8adb5c2091e6e611e/jetified-savedstate-1.1.0/res" />
      <root url="file://$USER_HOME$/Desktop/gradle-7.2/caches/transforms-2/files-2.1/b61ae1b78d4e82c8adb5c2091e6e611e/jetified-savedstate-1.1.0/AndroidManifest.xml" />
    </CLASSES>
    <JAVADOC />
    <SOURCES>
      <root url="jar://$USER_HOME$/Desktop/gradle-7.2/caches/modules-2/files-2.1/androidx.savedstate/savedstate/1.1.0/73464c2c55129727354a95ffa91dc9c2cf0c78b/savedstate-1.1.0-sources.jar!/" />
    </SOURCES>
  </library>
</component>