<component name="libraryTable">
  <library name="Gradle: com.github.addisonelliott:SegmentedButton:3.1.5@aar">
    <ANNOTATIONS>
      <root url="jar://$USER_HOME$/Desktop/gradle-7.2/caches/transforms-2/files-2.1/e6c3569dace9f5e7dbb557b2ed09532a/jetified-SegmentedButton-3.1.5/annotations.zip!/" />
    </ANNOTATIONS>
    <CLASSES>
      <root url="jar://$USER_HOME$/Desktop/gradle-7.2/caches/transforms-2/files-2.1/e6c3569dace9f5e7dbb557b2ed09532a/jetified-SegmentedButton-3.1.5/jars/classes.jar!/" />
      <root url="file://$USER_HOME$/Desktop/gradle-7.2/caches/transforms-2/files-2.1/e6c3569dace9f5e7dbb557b2ed09532a/jetified-SegmentedButton-3.1.5/res" />
      <root url="file://$USER_HOME$/Desktop/gradle-7.2/caches/transforms-2/files-2.1/e6c3569dace9f5e7dbb557b2ed09532a/jetified-SegmentedButton-3.1.5/AndroidManifest.xml" />
    </CLASSES>
    <JAVADOC>
      <root url="jar://$USER_HOME$/Desktop/gradle-7.2/caches/modules-2/files-2.1/com.github.addisonelliott/SegmentedButton/3.1.5/8a492a0bfda3487e90b4b038d02e1c1e0848b989/SegmentedButton-3.1.5-javadoc.jar!/" />
    </JAVADOC>
    <SOURCES>
      <root url="jar://$USER_HOME$/Desktop/gradle-7.2/caches/modules-2/files-2.1/com.github.addisonelliott/SegmentedButton/3.1.5/1b4fd18362b19167cf6753509d8f55575ca42ded/SegmentedButton-3.1.5-sources.jar!/" />
    </SOURCES>
  </library>
</component>