<component name="libraryTable">
  <library name="Gradle: com.android.installreferrer:installreferrer:1.0@aar">
    <ANNOTATIONS>
      <root url="jar://$USER_HOME$/Desktop/gradle-7.2/caches/transforms-2/files-2.1/e18d8fef17cce1d3fc69e7d9cc651ed0/jetified-installreferrer-1.0/annotations.zip!/" />
    </ANNOTATIONS>
    <CLASSES>
      <root url="jar://$USER_HOME$/Desktop/gradle-7.2/caches/transforms-2/files-2.1/e18d8fef17cce1d3fc69e7d9cc651ed0/jetified-installreferrer-1.0/jars/classes.jar!/" />
      <root url="file://$USER_HOME$/Desktop/gradle-7.2/caches/transforms-2/files-2.1/e18d8fef17cce1d3fc69e7d9cc651ed0/jetified-installreferrer-1.0/res" />
      <root url="file://$USER_HOME$/Desktop/gradle-7.2/caches/transforms-2/files-2.1/e18d8fef17cce1d3fc69e7d9cc651ed0/jetified-installreferrer-1.0/AndroidManifest.xml" />
    </CLASSES>
    <JAVADOC>
      <root url="jar://$USER_HOME$/Desktop/gradle-7.2/caches/modules-2/files-2.1/com.android.installreferrer/installreferrer/1.0/a572d7b98f4738eb9677ff7bce82608f28c5b0e/installreferrer-1.0-javadoc.jar!/" />
    </JAVADOC>
    <SOURCES>
      <root url="jar://$USER_HOME$/Desktop/gradle-7.2/caches/modules-2/files-2.1/com.android.installreferrer/installreferrer/1.0/3241c0c1c69068520c6ac47283680a9f9f46f532/installreferrer-1.0-sources.jar!/" />
    </SOURCES>
  </library>
</component>