<component name="libraryTable">
  <library name="Gradle: com.google.android.gms:play-services-auth:19.0.0@aar">
    <CLASSES>
      <root url="jar://$USER_HOME$/Desktop/gradle-7.2/caches/transforms-2/files-2.1/fe166a7f360f9371bacb3f65598bdbb0/jetified-play-services-auth-19.0.0/jars/classes.jar!/" />
      <root url="file://$USER_HOME$/Desktop/gradle-7.2/caches/transforms-2/files-2.1/fe166a7f360f9371bacb3f65598bdbb0/jetified-play-services-auth-19.0.0/res" />
      <root url="file://$USER_HOME$/Desktop/gradle-7.2/caches/transforms-2/files-2.1/fe166a7f360f9371bacb3f65598bdbb0/jetified-play-services-auth-19.0.0/AndroidManifest.xml" />
    </CLASSES>
    <JAVADOC>
      <root url="jar://$USER_HOME$/Desktop/gradle-7.2/caches/modules-2/files-2.1/com.google.android.gms/play-services-auth/19.0.0/3b59304365c13d789c43fe9eb65dfe174583aab6/play-services-auth-19.0.0-javadoc.jar!/" />
    </JAVADOC>
    <SOURCES />
  </library>
</component>