<component name="libraryTable">
  <library name="Gradle: androidx.vectordrawable:vectordrawable:1.1.0@aar">
    <CLASSES>
      <root url="jar://$USER_HOME$/Desktop/gradle-7.2/caches/transforms-2/files-2.1/a479898b1a10294e58d468ee4861b15d/vectordrawable-1.1.0/jars/classes.jar!/" />
      <root url="file://$USER_HOME$/Desktop/gradle-7.2/caches/transforms-2/files-2.1/a479898b1a10294e58d468ee4861b15d/vectordrawable-1.1.0/res" />
      <root url="file://$USER_HOME$/Desktop/gradle-7.2/caches/transforms-2/files-2.1/a479898b1a10294e58d468ee4861b15d/vectordrawable-1.1.0/AndroidManifest.xml" />
    </CLASSES>
    <JAVADOC />
    <SOURCES>
      <root url="jar://$USER_HOME$/Desktop/gradle-7.2/caches/modules-2/files-2.1/androidx.vectordrawable/vectordrawable/1.1.0/1e0694477eed874c50c54b547cc3e5a62a57a62b/vectordrawable-1.1.0-sources.jar!/" />
    </SOURCES>
  </library>
</component>