<component name="libraryTable">
  <library name="Gradle: com.google.firebase:firebase-annotations:16.0.0">
    <CLASSES>
      <root url="jar://$USER_HOME$/Desktop/gradle-7.2/caches/modules-2/files-2.1/com.google.firebase/firebase-annotations/16.0.0/dbeae20d6c97b747b59ef47b6dcf770ba1a60fa6/firebase-annotations-16.0.0.jar!/" />
    </CLASSES>
    <JAVADOC>
      <root url="jar://$USER_HOME$/Desktop/gradle-7.2/caches/modules-2/files-2.1/com.google.firebase/firebase-annotations/16.0.0/547590a65ca39ae1f7c72b5f2028f9e1abe6429e/firebase-annotations-16.0.0-javadoc.jar!/" />
    </JAVADOC>
    <SOURCES>
      <root url="jar://$USER_HOME$/Desktop/gradle-7.2/caches/modules-2/files-2.1/com.google.firebase/firebase-annotations/16.0.0/c8e0434511a2f8f949f2c4e8af56cf690f596837/firebase-annotations-16.0.0-sources.jar!/" />
    </SOURCES>
  </library>
</component>