<component name="libraryTable">
  <library name="Gradle: androidx.lifecycle:lifecycle-viewmodel-ktx:2.2.0@aar">
    <CLASSES>
      <root url="jar://$USER_HOME$/Desktop/gradle-7.2/caches/transforms-2/files-2.1/b2ab09208623b4458e6db989a519ed26/jetified-lifecycle-viewmodel-ktx-2.2.0/jars/classes.jar!/" />
      <root url="file://$USER_HOME$/Desktop/gradle-7.2/caches/transforms-2/files-2.1/b2ab09208623b4458e6db989a519ed26/jetified-lifecycle-viewmodel-ktx-2.2.0/res" />
      <root url="file://$USER_HOME$/Desktop/gradle-7.2/caches/transforms-2/files-2.1/b2ab09208623b4458e6db989a519ed26/jetified-lifecycle-viewmodel-ktx-2.2.0/AndroidManifest.xml" />
    </CLASSES>
    <JAVADOC />
    <SOURCES>
      <root url="jar://$USER_HOME$/Desktop/gradle-7.2/caches/modules-2/files-2.1/androidx.lifecycle/lifecycle-viewmodel-ktx/2.2.0/3bc5992b0bb49e2d7ce92d34c45e54e1795cc03b/lifecycle-viewmodel-ktx-2.2.0-sources.jar!/" />
    </SOURCES>
  </library>
</component>