<component name="libraryTable">
  <library name="Gradle: com.squareup.okio:okio:2.9.0">
    <CLASSES>
      <root url="jar://$USER_HOME$/Desktop/gradle-7.2/caches/modules-2/files-2.1/com.squareup.okio/okio/2.9.0/dcc813b08ce5933f8bdfd1dfbab4ad4bd170e7a/okio-jvm-2.9.0.jar!/" />
    </CLASSES>
    <JAVADOC>
      <root url="jar://$USER_HOME$/Desktop/gradle-7.2/caches/modules-2/files-2.1/com.squareup.okio/okio/2.9.0/6922f18b4ba91bfd84894dcc4954faa63b9d2819/okio-2.9.0-javadoc.jar!/" />
    </JAVADOC>
    <SOURCES>
      <root url="jar://$USER_HOME$/Desktop/gradle-7.2/caches/modules-2/files-2.1/com.squareup.okio/okio/2.9.0/62d093481b0ed055a0041a429c72a2946688bcce/okio-2.9.0-sources.jar!/" />
    </SOURCES>
  </library>
</component>