<component name="libraryTable">
  <library name="Gradle: com.google.android.gms:play-services-safetynet:17.0.0@aar">
    <CLASSES>
      <root url="jar://$USER_HOME$/Desktop/gradle-7.2/caches/transforms-2/files-2.1/22de60037c187c264adef51aac654ebf/jetified-play-services-safetynet-17.0.0/jars/classes.jar!/" />
      <root url="file://$USER_HOME$/Desktop/gradle-7.2/caches/transforms-2/files-2.1/22de60037c187c264adef51aac654ebf/jetified-play-services-safetynet-17.0.0/res" />
      <root url="file://$USER_HOME$/Desktop/gradle-7.2/caches/transforms-2/files-2.1/22de60037c187c264adef51aac654ebf/jetified-play-services-safetynet-17.0.0/AndroidManifest.xml" />
    </CLASSES>
    <JAVADOC />
    <SOURCES />
  </library>
</component>