<component name="libraryTable">
  <library name="Gradle: com.facebook.android:facebook-core:8.1.0@aar">
    <CLASSES>
      <root url="jar://$USER_HOME$/Desktop/gradle-7.2/caches/transforms-2/files-2.1/a703848dea2af9911ae6cf92336ffce1/jetified-facebook-core-8.1.0/jars/classes.jar!/" />
      <root url="file://$USER_HOME$/Desktop/gradle-7.2/caches/transforms-2/files-2.1/a703848dea2af9911ae6cf92336ffce1/jetified-facebook-core-8.1.0/res" />
      <root url="file://$USER_HOME$/Desktop/gradle-7.2/caches/transforms-2/files-2.1/a703848dea2af9911ae6cf92336ffce1/jetified-facebook-core-8.1.0/AndroidManifest.xml" />
    </CLASSES>
    <JAVADOC>
      <root url="jar://$USER_HOME$/Desktop/gradle-7.2/caches/modules-2/files-2.1/com.facebook.android/facebook-core/8.1.0/7604c25cac6d4db809a2381b4530610d35fe2d57/facebook-core-8.1.0-javadoc.jar!/" />
    </JAVADOC>
    <SOURCES>
      <root url="jar://$USER_HOME$/Desktop/gradle-7.2/caches/modules-2/files-2.1/com.facebook.android/facebook-core/8.1.0/a32540da0a7c8eb9f7763b7489b6ab67a61be938/facebook-core-8.1.0-sources.jar!/" />
    </SOURCES>
  </library>
</component>