<component name="libraryTable">
  <library name="Gradle: androidx.lifecycle:lifecycle-extensions:2.2.0-alpha02@aar">
    <CLASSES>
      <root url="jar://$USER_HOME$/Desktop/gradle-7.2/caches/transforms-2/files-2.1/0b5de503c854a78af39aff4c4c650cec/lifecycle-extensions-2.2.0-alpha02/jars/classes.jar!/" />
      <root url="file://$USER_HOME$/Desktop/gradle-7.2/caches/transforms-2/files-2.1/0b5de503c854a78af39aff4c4c650cec/lifecycle-extensions-2.2.0-alpha02/res" />
      <root url="file://$USER_HOME$/Desktop/gradle-7.2/caches/transforms-2/files-2.1/0b5de503c854a78af39aff4c4c650cec/lifecycle-extensions-2.2.0-alpha02/AndroidManifest.xml" />
    </CLASSES>
    <JAVADOC />
    <SOURCES>
      <root url="jar://$USER_HOME$/Desktop/gradle-7.2/caches/modules-2/files-2.1/androidx.lifecycle/lifecycle-extensions/2.2.0-alpha02/84e54bd949cf1843ddddfe3e005b4d3a1649d562/lifecycle-extensions-2.2.0-alpha02-sources.jar!/" />
    </SOURCES>
  </library>
</component>