<component name="libraryTable">
  <library name="Gradle: org.hamcrest:hamcrest-library:1.3">
    <CLASSES>
      <root url="jar://$USER_HOME$/Desktop/gradle-7.2/caches/modules-2/files-2.1/org.hamcrest/hamcrest-library/1.3/4785a3c21320980282f9f33d0d1264a69040538f/hamcrest-library-1.3.jar!/" />
    </CLASSES>
    <JAVADOC>
      <root url="jar://$USER_HOME$/Desktop/gradle-7.2/caches/modules-2/files-2.1/org.hamcrest/hamcrest-library/1.3/4324046c5f99f3dc91b5370899fa3ae65fd137d2/hamcrest-library-1.3-javadoc.jar!/" />
    </JAVADOC>
    <SOURCES>
      <root url="jar://$USER_HOME$/Desktop/gradle-7.2/caches/modules-2/files-2.1/org.hamcrest/hamcrest-library/1.3/47a7ee46628ab7133129cd7cef1e92657bc275e/hamcrest-library-1.3-sources.jar!/" />
    </SOURCES>
  </library>
</component>