<component name="libraryTable">
  <library name="Gradle: androidx.collection:collection-ktx:1.1.0">
    <CLASSES>
      <root url="jar://$USER_HOME$/Desktop/gradle-7.2/caches/modules-2/files-2.1/androidx.collection/collection-ktx/1.1.0/f807b2f366f7b75142a67d2f3c10031065b5168/collection-ktx-1.1.0.jar!/" />
    </CLASSES>
    <JAVADOC />
    <SOURCES>
      <root url="jar://$USER_HOME$/Desktop/gradle-7.2/caches/modules-2/files-2.1/androidx.collection/collection-ktx/1.1.0/dd245d312c270a48386e9435e385480743578e9b/collection-ktx-1.1.0-sources.jar!/" />
    </SOURCES>
  </library>
</component>