<component name="libraryTable">
  <library name="Gradle: com.squareup.okhttp3:logging-interceptor:3.9.0">
    <CLASSES>
      <root url="jar://$USER_HOME$/Desktop/gradle-7.2/caches/modules-2/files-2.1/com.squareup.okhttp3/logging-interceptor/3.9.0/3bf7f8d6a20c90ffe9fc3f3c9118193c7720ecf1/logging-interceptor-3.9.0.jar!/" />
    </CLASSES>
    <JAVADOC>
      <root url="jar://$USER_HOME$/Desktop/gradle-7.2/caches/modules-2/files-2.1/com.squareup.okhttp3/logging-interceptor/3.9.0/5518ed80a467f4fc76609a5725061b7cdf7eae9c/logging-interceptor-3.9.0-javadoc.jar!/" />
    </JAVADOC>
    <SOURCES>
      <root url="jar://$USER_HOME$/Desktop/gradle-7.2/caches/modules-2/files-2.1/com.squareup.okhttp3/logging-interceptor/3.9.0/cec51751745fed35b85bc6a065970bee7aaff360/logging-interceptor-3.9.0-sources.jar!/" />
    </SOURCES>
  </library>
</component>