<component name="libraryTable">
  <library name="Gradle: com.onesignal:OneSignal:3.15.4@aar">
    <CLASSES>
      <root url="jar://$USER_HOME$/Desktop/gradle-7.2/caches/transforms-2/files-2.1/9c129b02ae506e99977b8b515537d643/jetified-OneSignal-3.15.4/jars/classes.jar!/" />
      <root url="file://$USER_HOME$/Desktop/gradle-7.2/caches/transforms-2/files-2.1/9c129b02ae506e99977b8b515537d643/jetified-OneSignal-3.15.4/res" />
      <root url="file://$USER_HOME$/Desktop/gradle-7.2/caches/transforms-2/files-2.1/9c129b02ae506e99977b8b515537d643/jetified-OneSignal-3.15.4/AndroidManifest.xml" />
    </CLASSES>
    <JAVADOC />
    <SOURCES>
      <root url="jar://$USER_HOME$/Desktop/gradle-7.2/caches/modules-2/files-2.1/com.onesignal/OneSignal/3.15.4/f7183c39468acfdf29143323c6bae81a6740dbff/OneSignal-3.15.4-sources.jar!/" />
    </SOURCES>
  </library>
</component>